annoyance,acrimony,impatience,enmity,rage,fury,antagonism,violence,resentment,animosity,ire,passion,temper,displeasure,irritation,outrage,hatred,exasperation,indignation,annoy,inflame,aggravate,embitter,exasperate,displease,infuriate,excite,irritate,exacerbate,enrage,offend,rile,arouse,antagonize,incense,outrage,provoke,rankle,tiff,irascibility,umbrage,pique,rankling,gall,irritability,choler,distemper,storm,chagrin,petulance,stew,peevishness,huff,tantrum,miff,conniption,soreness,vexation,disapprobation,dander,infuriation,bait,agitate,goad,umbrage,pique,seethe,gall,craze,madden,vex,bristle,cross,boil,ruffle,acerbate,burn,stew,tempt,fret,chafe,affront,miff,rant,nettle,rave,mad
angry,spiteful,angry,contentious,sentimental,enraged,anxious,dour,acrimonious,enraged,troubled,sour,miffed,resentful,annoy,scandalize,irascible,span,disappointed,savage,savage,excitable,abhorrent,tropical,angered,testy,enraged,aroused,enraged,grouchy,incensed,furious,aching,mean,enraged,stormy,displeased,bent,annoy,anger,irritate,torment,annoy,rave,annoy,annoy,tiff,annoy,annoy,rancorous,roar,annoy
infuriated,belligerent,insulted,testy,rousing,infuriated,uneasy,morose,frenzied,frenzied,angry,harsh,bothered,miffed,disturb,infuriate,peevish,navigate,dissatisfied,murderous,passionate,red-hot,vile,humid,annoyed,grumpy,dogged,sore,incensed,cantankerous,enraged,enraged,inflamed,sour,resentful,fierce,enraged,boiling,criticize,offend,annoy,disturb,aggravate,chafe,bedevil,distract,sting,ignite,disturb,testy,tear,disturb
irate,bitter,outraged,petulant,intense,livid,cautious,hostile,stormy,raging,disturbed,acrimonious,irked,irate,embitter,shock,quick-tempered,sail,annoyed,ruthless,ferocious,burning,spiteful,scorching,crabby,irascible,infuriated,irritated,angered,testy,irritated,turbulent,uncomfortable,moody,offended,violent,furious,crazed,pique,annoy,rub,unsettle,worsen,seethe,disturb,exasperate,pique,irk,roil,belligerent,assault,perplex
incensed,unsympathetic,exasperated,resentful,fierce,incensed,apprehensive,churlish,impassioned,vehement,bothered,rancorous,sore,livid,peeve,incense,,ply,vexed,cruel,bold,vehement,vicious,blazing,cross,cantankerous,miffed,fevered,angry,cranky,aggravated,stormy,tender,brooding,irritable,unstable,heated,demented,slight,irritate,fume,shake,heighten,bristle,nag,shatter,rile,displease,exasperate,petulant,stalk,exasperate
exasperated,hateful,provoked,fractious,fiery,furious,edgy,petulant,vehement,livid,provoked,resentful,,heated,infuriate,insult,,cruise,angry,vehement,stormy,impassioned,disgusting,sizzling,crotchety,annoyed,irate,swollen,mad,feisty,irked,seething,sharp,cheerless,impassioned,tempestuous,incensed,desperate,taunt,alienate,incense,bother,irritate,smoke,exasperate,infuriate,snit,excite,peeve,caustic,rip,displease
upset,acrimonious,upset,surly,heated,indignant,concerned,somber,feverish,violent,angered,vitriolic,,mad,vex,aggrieve,,crisscross,,vicious,raging,combustible,heinous,boiling,crusty,bad-tempered,indignant,infected,,uptight,angry,bent,painful,crabby,irate,bumpy,indignant,enraged,displease,neutralize,irk,writhe,inflame,rage,peeve,pester,irritate,irritate,bother,bitter,fume,peeve
inflamed,adverse,hurt,annoyed,ardent,annoyed,conventional,gloomy,hectic,frantic,irked,stinging,,scornful,excite,defile,,divide,,brutal,dangerous,flaming,despicable,torrid,curt,choleric,exasperated,angered,,surly,mad,infuriated,hurting,depressed,uptight,rough,infuriated,fierce,slander,insult,irritate,agitate,provoke,burn,vex,upset,pet,gall,vex,enraged,beset,infuriate
boiling,alien,,prickly,passionate,irritated,nervy,ugly,furious,desperate,,severe,,incensed,incense,force,,block,,frightful,vehement,glowing,repulsive,warm,disgruntled,crabby,peeved,incited,,passionate,irate,incensed,bruised,dismal,sullen,choppy,irate,frantic,vex,repel,offend,rock,intensify,rant,rile,incense,pester,rile,inflame,resentful,rant,disquiet
angered,allergic,,exasperated,fervent,exasperated,old-fashioned,glum,violent,incensed,,sour,,furious,enrage,affront,,short,,voracious,powerful,blazing,ornery,sweltering,fractious,cross,maddened,tender,,angry,,rough,resentful,dour,heated,bitter,mad,frenetic,face,struggle,fret,stir,increase,storm,irk,unhinge,goad,arouse,irk,offended,rave,irritate
riled,argumentative,,cantankerous,stirring,angered,restive,surly,tempestuous,fierce,,hateful,,annoyed,agitate,ravish,,peeved,,fierce,vicious,hot,odious,heated,grumpy,crotchety,riled,burnt,,bristly,,raving,acute,fretful,furious,swirling,raging,frenzied,offend,counteract,ruffle,,embitter,anger,torment,enrage,vex,incense,irritate,irritable,drizzle,offend
fuming,bellicose,,carping,animated,mad,strict,grumpy,fiery,frenetic,,caustic,,acrimonious,rile,maltreat,,faultfinding,,ravenous,brutal,spirited,bitter,white,hurt,grouchy,fuming,festering,,choleric,,fuming,burning,frowning,irritated,chaotic,ireful,incensed,anger,estrange,peel,,exasperate,boil,irritate,inflame,insult,whet,gall,impassioned,aggress,rile
aggravated,catty,,choleric,blazing,provoked,tense,bad-tempered,fierce,raging,,fierce,,boiling,irk,injure,,annoyed,,relentless,intense,violent,abominable,sultry,insulted,moody,buffaloed,festered,,cross,,blustering,sensitive,gloomy,bitter,rowdy,storming,infuriated,abuse,,inflame,,envenom,,frazzle,unbalance,disgust,offend,provoke,irate,thunder,irk
livid,chill,,complaining,burning,wrathful,troubled,cheerless,passionate,vehement,,biting,,disgruntled,irritate,jar,,vexed,,merciless,angry,heated,accursed,red,irritable,nasty,bugged,chafed,,fractious,,angry,raw,glum,annoyed,quarrelsome,,insane,confront,,scratch,,excite,,chafe,irritate,annoy,kindle,aggravate,uptight,scold,torment
mad,cold,,cross,deep,fuming,withdrawn,crabby,bitter,violent,,intense,,displeased,gall,madden,,caviling,,brutish,fiery,fierce,awful,sharp,miffed,quick-tempered,hacked,scalded,,hasty,,blustery,annoying,gruff,indignant,lawless,,irate,outrage,,excoriate,,madden,,aggravate,derange,ruffle,stimulate,acerbate,sullen,charge,agitate
,competitive,,crotchety,fervid,piqued,worried,cross,intense,agitated,,savage,,huffy,rankle,ravage,,bridge,,barbarous,cutthroat,intense,catty,spicy,moody,sharp,furious,blistered,,hot-tempered,,frenzied,smarting,grumpy,exasperated,raucous,,irrational,meet,,damage,,vex,,ruffle,anger,exasperate,galvanize,nettle,heated,strike,gall
,contentious,,disputatious,flaming,riled,,cynical,boiling,fierce,,harsh,,peeved,aggravate,desecrate,,overpass,,bloodthirsty,furious,ablaze,confounded,fierce,offended,snappy,huffy,angry,,huffy,,irate,extreme,irritable,outraged,violent,,livid,provoke,,scrape,,enrage,,chide,vex,get,move,pique,furious,sizzle,embarrass
,contrary,,dissatisfied,furious,steamed,,dismal,hot,intense,,cruel,,provoked,pique,persecute,,voyage,,fell,strong,afire,cursed,intense,peeved,sour,ireful,bloodshot,,irritable,,rabid,sensitive,morose,uproarious,unruly,,maniac,encounter,,hurt,,,,rub,provoke,roil,sting,grate,irritated,spit,afflict
,dour,,dyspeptic,glowing,wroth,,dull,fiery,intensified,,bad,,upset,needle,spoil,,zigzag,,feral,terrible,alight,damnable,stormy,peevish,spiteful,mad,raw,,ogre,,tempestuous,pressing,obstinate,vociferous,fierce,,rabid,dispraise,,impair,,,,bother,bother,stew,mortify,bug,bitter,stomp,pique
,embittered,,fiery,inflamed,,,fretful,raging,bent,,stinging,,wrathful,get,mistreat,,meet,,grim,relentless,choleric,damned,popular,petulant,surly,uptight,red,,peevish,,wild,upset,ornery,rambunctious,rough,,rage,,,grate,,,,burn,craze,fret,quicken,,annoyed,rain,hassle
,hard,,fretful,inspired,,,frowning,excited,boiling,,brutal,,bugged,madden,misuse,,ford,,implacable,murderous,enthusiastic,detestable,fresh,provoked,touchy,wrathful,septic,,petulant,,,smarting,withdrawn,rowdy,bitter,,raging,,,graze,,,,scrape,possess,chafe,motivate,,indignant,squall,anger
,inhospitable,,gloomy,melodramatic,,,gruff,burnt,crazed,,severe,,exasperated,exacerbate,deflower,,crosscut,,inhuman,animal,febrile,evil,trendy,querulous,vicious,rousted,,,querulous,,,annoying,ill-humored,rollicking,agitated,,unreasonable,,,abrade,,,,inflame,frenzy,huff,wound,,exasperated,assail,molest
,inimical,,grouchy,moving,,,heavy,sizzling,demented,,poignant,,fuming,nettle,oppress,,bisect,,lupine,ape,fervid,execrable,cool,short,bearish,,,,quick-tempered,,,afflicted,moping,raucous,blustery,,vehement,,,skin,,,,harass,ire,disturb,goad,,outraged,complain,provoke
,malevolent,,grumbling,mushy,,,inert,broiling,infuriated,,unpleasant,,piqued,inflame,rape,,intertwine,,pitiless,awful,feverish,forbidding,broiling,snappish,,,,,short-tempered,,,burned,pouting,unruly,boiling,,vicious,,,gall,,,,plague,umbrage,miff,vex,,brusque,fly,worry
,malicious,,hasty,powerful,,,irritable,fired,insane,,disturbing,,riled,roil,violate,,decussate,,predatory,barbarous,flickering,foul,burning,snappy,,,,,snappish,,,critical,pouty,clamorous,coarse,,violent,,,erode,,,,roil,,tease,stir,,cranky,rage,depress
,malignant,,hot,profound,,,malevolent,burning,irrational,,sharp,,p.o.'d,anger,,,lace,,rapacious,bloodthirsty,flushed,gross,close,sulky,,,,,thin-skinned,,,distressing,sourpussed,loud,confused,,wrathful,,,bark,,,,harry,,peeve,prick,,sarcastic,drop,aggravate
,militant,,huffy,red-hot,,,malicious,scalding,maniac,,intense,,,rouse,,,mingle,,truculent,blustery,hot-tempered,infamous,febrile,sullen,,,,,touchy,,,hurtful,sulking,strident,destructive,,corybantic,,,corrode,,,,grate,,incense,exasperate,,gruff,pour,pester
,nasty,,hypercritical,romantic,,,malign,scorching,rabid,,astringent,,,bug,,,blend,,unmerciful,boisterous,impetuous,invidious,feverish,surly,,,,,crabbed,,,irritated,,riotous,disordered,,fuming,,,wear,,,,trouble,,harass,get,,prickly,bluster,abrade
,opposed,,irascible,starry-eyed,,,mean,parched,unreasonable,,acid,,,T-off,,,interbreed,,unrestrained,cruel,impulsive,loathsome,fiery,testy,,,,,ireful,,,pained,,fractious,disturbed,,hacked,,,inflame,,,,provoke,,,absorb,,irascible,howl,rasp
,opposite,,moody,torrid,,,moody,baking,vicious,,tart,,,,,,crossbreed,,untamed,enraged,inflamed,malevolent,flaming,touchy,,,,,bearish,,,severe,,rowdy,furious,,maddened,,,ruffle,,,,pester,,,rouse,,gloomy,,needle
,ornery,,morose,violent,,,obstinate,burned,wrathful,,alienated,,,,,,mongrelize,,wild,fell,irascible,malign,incandescent,waspish,,,,,,,,unpleasant,,rebellious,inclement,,smoking,,,exasperate,,,,worry,,,spur,,harsh,,plague
,pugnacious,,peevish,vivid,,,ornery,baked,corybantic,,sore,,,,,,cross-fertilize,,sanguinary,feral,irritable,mean,steaming,crabbed,,,,,,,,vexatious,,raucous,noisy,,steamed,,,itch,,,,fret,,,bug,,horrid,,trouble
,rancorous,,plaintive,warm,,,peevish,scorched,fuming,,divided,,,,,,cross-pollinate,,inhumane,frightening,madcap,offensive,stuffy,resentful,,,,,,,,abscessed,,disruptive,restless,,,,,rage,,,,chafe,,,affront,,sour,,eat
,scrappy,,querulous,zealous,,,perverse,broiled,hacked,,freezing,,,,,,obstruct,,ravening,horrible,peppery,pesky,summery,stewed,,,,,,,,chafed,,unruly,riotous,,,,,scratch,,,,abrade,,,miff,,somber,,fret
,sour,,quick-tempered,hot-blooded,,,pessimistic,cooked,maddened,,embittered,,,,,,buck,,tigerish,impetuous,precipitate,pestiferous,tropic,exasperated,,,,,,,,reddened,,nervous,rugged,,,,,bother,,,,excoriate,,,peeve,,terrible,,chafe
,surly,,sensitive,perfervid,,,querulous,fried,smoking,,estranged,,,,,,deny,,wolfish,infuriated,unrestrained,repellent,baking,huffish,,,,,,,,ulcerated,,enthusiastic,thunderous,,,,,scrape,,,,erode,,,bother,,cruel,,tease
,unfavorable,,snappy,overemotional,,,saturnine,toasted,steamed,,begrudging,,,,,,sell,,,malevolent,conflagrant,repugnant,blistering,irked,,,,,,,,afflicted,,delighted,tremulous,,,,,vex,,,,scuff,,,nettle,,glum,,ride
,unfriendly,,tense,white-hot,,,silent,ardent,blustery,,offensive,,,,,,thwart,,,malign,fevered,revolting,fevered,moping,,,,,,,,aggrieved,,eager,wild,,,,,exercise,,,,scratch,,,grab,,grisly,,upset
,unkind,,touchy,,,,sour,avid,boisterous,,galling,,,,,,stymie,,,primitive,hot-blooded,undesirable,piping,nettled,,,,,,,,annoyed,,disturbed,roaring,,,,,grate,,,,burn,,,goose,,ghastly,,nettle
,unpropitious,,crabbed,,,,stubborn,fervent,concentrated,,displeasing,,,,,,flummox,,,raving,perfervid,blasted,roasting,pettish,,,,,,,,critical,,agitated,blustering,,,,,anger,,,,scrape,,,,,stern,,harass
,unsociable,,bearish,,,,sulky,fervid,excessive,,provoking,,,,,,cramp,,,tempestuous,aflame,despiteful,scalding,piqued,,,,,,,,distressing,,passionate,foaming,,,,,harass,,,,corrode,,,,,gruesome,,harry
,viperous,,brooding,,,,tenebrous,indignant,exquisite,,annoying,,,,,,stonewall,,,threatening,agitable,horrid,searing,riled,,,,,,,,indignant,,hysterical,howling,,,,,abrade,,,,graze,,,,,shocking,,
,virulent,,fretting,,,,unsociable,irate,extreme,,acerbic,,,,,,frustrate,,,truculent,flaring,resentful,calescent,vexed,,,,,,,,irritated,,annoyed,moiling,,,,,rasp,,,,wear,,,,,ominous,,
,vitriolic,,ill-humored,,,,uptight,mad,flaming,,acrid,,,,,,resist,,,tumultous/tumultuous,hot-headed,cussed,decalescent,,,,,,,,,pained,,thrilled,ruffled,,,,,gall,,,,file,,,,,bleak,,
,warlike,,oversensitive,,,,crabbed,wrathful,impetuous,,acerb,,,,,,foil,,,uncontrollable,igneous,shuddersome,feverous,,,,,,,,,peeved,,savage,stormful,,,,,provoke,,,,skin,,,,,melancholy,,
,anti,,snarling,,,,tenebrific,ireful,rough,,absinthal,,,,,,impede,,,untamed,ignited,uncool,igneous,,,,,,,,,troubled,,passionate,storming,,,,,worry,,,,grate,,,,,sullen,,
,disapproving,,,,,,glowering,,savage,,absinthian,,,,,,oppose,,,venomous,,,ovenlike,,,,,,,,,urgent,,ferocious,agitated,,,,,,,,,bark,,,,,grouchy,,
,ill-disposed,,,,,,ill-humored,,tempestuous,,amaroidal,,,,,,crab,,,wild,,,parching,,,,,,,,,weighty,,bold,angry,,,,,,,,,fray,,,,,testy,,
,oppugnant,,,,,,pouting,,terrible,,unsweetened,,,,,,backtalk,,,brutish,,,recalescent,,,,,,,,,grieved,,stormy,boisterous,,,,,,,,,fret,,,,,cranky,,
,unwelcoming,,,,,,pouty,,tumultous/tumultuous,,vinegary,,,,,,stump,,,flipped,,,smoking,,,,,,,,,grieving,,raging,demonstrative,,,,,,,,,,,,,,dour,,
,,,,,,,sourpussed,,ungovernable,,antagonistic,,,,,,crimp,,,howling,,,sweltry,,,,,,,,,irked,,dangerous,destructive,,,,,,,,,,,,,,sad,,
,,,,,,,sulking,,unrestrained,,crabby,,,,,,interfere,,,tigerish,,,thermogenic,,,,,,,,,stung,,vehement,disorderly,,,,,,,,,,,,,,ugly,,
,,,,,,,,,vicious,,irreconcilable,,,,,,snafu,,,,,,acrid,,,,,,,,,vexed,,powerful,excited,,,,,,,,,,,,,,gloomy,,
,,,,,,,,,wild,,morose,,,,,,bollix,,,,,,biting,,,,,,,,,,,vicious,fiery,,,,,,,,,,,,,,glum,,
,,,,,,,,,blustering,,sardonic,,,,,,cantankerous,,,,,,peppery,,,,,,,,,,,brutal,insubordinate,,,,,,,,,,,,,,surly,,
,,,,,,,,,rampageous,,sullen,,,,,,captious,,,,,,piquant,,,,,,,,,,,intense,mutinous,,,,,,,,,,,,,,mournful,,
,,,,,,,,,,,virulent,,,,,,choleric,,,,,,pungent,,,,,,,,,,,angry,obstreperous,,,,,,,,,,,,,,snide,,
,,,,,,,,,,,calamitous,,,,,,churlish,,,,,,racy,,,,,,,,,,,fiery,passionate,,,,,,,,,,,,,,barbed,,
,,,,,,,,,,,dire,,,,,,crabby,,,,,,zestful,,,,,,,,,,,cutthroat,perturbed,,,,,,,,,,,,,,vindictive,,
,,,,,,,,,,,disagreeable,,,,,,cranky,,,,,,angry,,,,,,,,,,,furious,rabid,,,,,,,,,,,,,,malicious,,
,,,,,,,,,,,distasteful,,,,,,crotchety,,,,,,animated,,,,,,,,,,,strong,rambunctious,,,,,,,,,,,,,,catty,,
,,,,,,,,,,,grievous,,,,,,crusty,,,,,,ardent,,,,,,,,,,,terrible,rampant,,,,,,,,,,,,,,vicious,,
,,,,,,,,,,,hard,,,,,,disagreeable,,,,,,distracted,,,,,,,,,,,relentless,refractory,,,,,,,,,,,,,,ornery,,
,,,,,,,,,,,heartbreaking,,,,,,fractious,,,,,,eager,,,,,,,,,,,murderous,riotous,,,,,,,,,,,,,,cruel,,
,,,,,,,,,,,hurtful,,,,,,fretful,,,,,,enthusiastic,,,,,,,,,,,raging,roughhouse,,,,,,,,,,,,,,hateful,,
,,,,,,,,,,,inclement,,,,,,grouchy,,,,,,excited,,,,,,,,,,,vehement,rude,,,,,,,,,,,,,,venomous,,
,,,,,,,,,,,intemperate,,,,,,grumpy,,,,,,fervent,,,,,,,,,,,violent,seditious,,,,,,,,,,,,,,sullen,,
,,,,,,,,,,,merciless,,,,,,ill-tempered,,,,,,fervid,,,,,,,,,,,agitated,shaking,,,,,,,,,,,,,,cantankerous,,
,,,,,,,,,,,rigorous,,,,,,impatient,,,,,,fiery,,,,,,,,,,,fierce,stern,,,,,,,,,,,,,,cranky,,
,,,,,,,,,,,rugged,,,,,,irascible,,,,,,furious,,,,,,,,,,,intense,tumultous/tumultuous,,,,,,,,,,,,,,edgy,,
,,,,,,,,,,,ruthless,,,,,,irritable,,,,,,ill-tempered,,,,,,,,,,,intensified,unbridled,,,,,,,,,,,,,,impatient,,
,,,,,,,,,,,unpalatable,,,,,,jumpy,,,,,,impassioned,,,,,,,,,,,haphazard,uncontrolled,,,,,,,,,,,,,,uptight,,
,,,,,,,,,,,vexatious,,,,,,peevish,,,,,,impetuous,,,,,,,,,,,headlong,undisciplined,,,,,,,,,,,,,,quarrelsome,,
,,,,,,,,,,,woeful,,,,,,petulant,,,,,,indignant,,,,,,,,,,,jumbled,ungovernable,,,,,,,,,,,,,,grumpy,,
,,,,,,,,,,,afflictive,,,,,,querulous,,,,,,inflamed,,,,,,,,,,,buoyant,untamed,,,,,,,,,,,,,,annoyed,,
,,,,,,,,,,,,,,,,,quick-tempered,,,,,,irascible,,,,,,,,,,,boisterous,uproarious,,,,,,,,,,,,,,exasperated,,
,,,,,,,,,,,,,,,,,ratty,,,,,,lustful,,,,,,,,,,,rebellious,vehement,,,,,,,,,,,,,,tricky,,
,,,,,,,,,,,,,,,,,snappy,,,,,,raging,,,,,,,,,,,ebullient,vociferous,,,,,,,,,,,,,,jumpy,,
,,,,,,,,,,,,,,,,,sullen,,,,,,temperamental,,,,,,,,,,,cacophonous,wild,,,,,,,,,,,,,,testy,,
,,,,,,,,,,,,,,,,,surly,,,,,,touchy,,,,,,,,,,,vociferous,anarchic,,,,,,,,,,,,,,precarious,,
,,,,,,,,,,,,,,,,,testy,,,,,,violent,,,,,,,,,,,rambunctious,foaming,,,,,,,,,,,,,,sensitive,,
,,,,,,,,,,,,,,,,,touchy,,,,,,aroused,,,,,,,,,,,rowdy,storming,,,,,,,,,,,,,,uptight,,
,,,,,,,,,,,,,,,,,waspish,,,,,,approved,,,,,,,,,,,clamorous,termagant,,,,,,,,,,,,,,volatile,,
,,,,,,,,,,,,,,,,,tetchy,,,,,,dandy,,,,,,,,,,,boisterous,,,,,,,,,,,,,,,delicate,,
,,,,,,,,,,,,,,,,,ill-humored,,,,,,favored,,,,,,,,,,,strident,,,,,,,,,,,,,,,ticklish,,
,,,,,,,,,,,,,,,,,pettish,,,,,,glorious,,,,,,,,,,,riotous,,,,,,,,,,,,,,,risky,,
,,,,,,,,,,,,,,,,,splenetic,,,,,,groovy,,,,,,,,,,,raucous,,,,,,,,,,,,,,,dicey,,
,,,,,,,,,,,,,,,,,transverse,,,,,,keen,,,,,,,,,,,noisy,,,,,,,,,,,,,,,hypersensitive,,
,,,,,,,,,,,,,,,,,intercross,,,,,,latest,,,,,,,,,,,rowdy,,,,,,,,,,,,,,,acrimonious,,
,,,,,,,,,,,,,,,,,cross-mate,,,,,,marvelous,,,,,,,,,,,unruly,,,,,,,,,,,,,,,rancorous,,
,,,,,,,,,,,,,,,,,intercross,,,,,,neat,,,,,,,,,,,boisterous,,,,,,,,,,,,,,,scathing,,
,,,,,,,,,,,,,,,,,double-cross,,,,,,nifty,,,,,,,,,,,wanton,,,,,,,,,,,,,,,vitriolic,,
,,,,,,,,,,,,,,,,,,,,,,,peachy,,,,,,,,,,,unbridled,,,,,,,,,,,,,,,malicious,,
,,,,,,,,,,,,,,,,,,,,,,,recent,,,,,,,,,,,prevalent,,,,,,,,,,,,,,,vicious,,
,,,,,,,,,,,,,,,,,,,,,,,super,,,,,,,,,,,raging,,,,,,,,,,,,,,,hateful,,
,,,,,,,,,,,,,,,,,,,,,,,up-to-the-minute,,,,,,,,,,,spreading,,,,,,,,,,,,,,,bitter,,
,,,,,,,,,,,,,,,,,,,,,,,sought-after,,,,,,,,,,,flagrant,,,,,,,,,,,,,,,short,,
,,,,,,,,,,,,,,,,,,,,,,,carnal,,,,,,,,,,,rife,,,,,,,,,,,,,,,peeved,,
,,,,,,,,,,,,,,,,,,,,,,,concupiscent,,,,,,,,,,,violent,,,,,,,,,,,,,,,faultfinding,,
,,,,,,,,,,,,,,,,,,,,,,,erotic,,,,,,,,,,,growing,,,,,,,,,,,,,,,annoyed,,
,,,,,,,,,,,,,,,,,,,,,,,lascivious,,,,,,,,,,,excessive,,,,,,,,,,,,,,,vexed,,
,,,,,,,,,,,,,,,,,,,,,,,lewd,,,,,,,,,,,unrestrained,,,,,,,,,,,,,,,caviling,,
,,,,,,,,,,,,,,,,,,,,,,,libidinous,,,,,,,,,,,unchecked,,,,,,,,,,,,,,,downcast,,
,,,,,,,,,,,,,,,,,,,,,,,lustful,,,,,,,,,,,uncontrollable,,,,,,,,,,,,,,,melancholy,,
,,,,,,,,,,,,,,,,,,,,,,,passionate,,,,,,,,,,,rambunctious,,,,,,,,,,,,,,,cross,,
,,,,,,,,,,,,,,,,,,,,,,,prurient,,,,,,,,,,,turbulent,,,,,,,,,,,,,,,sulky,,
,,,,,,,,,,,,,,,,,,,,,,,salacious,,,,,,,,,,,unruly,,,,,,,,,,,,,,,acerbic,,
,,,,,,,,,,,,,,,,,,,,,,,sensual,,,,,,,,,,,boisterous,,,,,,,,,,,,,,,acid,,
,,,,,,,,,,,,,,,,,,,,,,,aroused,,,,,,,,,,,dry,,,,,,,,,,,,,,,angry,,
,,,,,,,,,,,,,,,,,,,,,,,,,,,,,,,,,,rugged,,,,,,,,,,,,,,,astringent,,
,,,,,,,,,,,,,,,,,,,,,,,,,,,,,,,,,,harsh,,,,,,,,,,,,,,,biting,,
,,,,,,,,,,,,,,,,,,,,,,,,,,,,,,,,,,turbulent,,,,,,,,,,,,,,,censorious,,
,,,,,,,,,,,,,,,,,,,,,,,,,,,,,,,,,,coarse,,,,,,,,,,,,,,,churlish,,
,,,,,,,,,,,,,,,,,,,,,,,,,,,,,,,,,,choppy,,,,,,,,,,,,,,,crabby,,
,,,,,,,,,,,,,,,,,,,,,,,,,,,,,,,,,,impassioned,,,,,,,,,,,,,,,cranky,,
,,,,,,,,,,,,,,,,,,,,,,,,,,,,,,,,,,passionate,,,,,,,,,,,,,,,cross,,
,,,,,,,,,,,,,,,,,,,,,,,,,,,,,,,,,,turbulent,,,,,,,,,,,,,,,cutting,,
,,,,,,,,,,,,,,,,,,,,,,,,,,,,,,,,,,heated,,,,,,,,,,,,,,,indignant,,
,,,,,,,,,,,,,,,,,,,,,,,,,,,,,,,,,,chaotic,,,,,,,,,,,,,,,irascible,,
,,,,,,,,,,,,,,,,,,,,,,,,,,,,,,,,,,tangled,,,,,,,,,,,,,,,irate,,
,,,,,,,,,,,,,,,,,,,,,,,,,,,,,,,,,,chaotic,,,,,,,,,,,,,,,mad,,
,,,,,,,,,,,,,,,,,,,,,,,,,,,,,,,,,,rowdy,,,,,,,,,,,,,,,mordant,,
,,,,,,,,,,,,,,,,,,,,,,,,,,,,,,,,,,quarrelsome,,,,,,,,,,,,,,,peevish,,
,,,,,,,,,,,,,,,,,,,,,,,,,,,,,,,,,,lawless,,,,,,,,,,,,,,,sarcastic,,
,,,,,,,,,,,,,,,,,,,,,,,,,,,,,,,,,,raucous,,,,,,,,,,,,,,,sharp,,
,,,,,,,,,,,,,,,,,,,,,,,,,,,,,,,,,,violent,,,,,,,,,,,,,,,spiteful,,
,,,,,,,,,,,,,,,,,,,,,,,,,,,,,,,,,,unruly,,,,,,,,,,,,,,,tart,,
,,,,,,,,,,,,,,,,,,,,,,,,,,,,,,,,,,fierce,,,,,,,,,,,,,,,trenchant,,
,,,,,,,,,,,,,,,,,,,,,,,,,,,,,,,,,,rough,,,,,,,,,,,,,,,wrathful,,
,,,,,,,,,,,,,,,,,,,,,,,,,,,,,,,,,,bitter,,,,,,,,,,,,,,,ireful,,
,,,,,,,,,,,,,,,,,,,,,,,,,,,,,,,,,,harsh,,,,,,,,,,,,,,,choleric,,
,,,,,,,,,,,,,,,,,,,,,,,,,,,,,,,,,,turbulent,,,,,,,,,,,,,,,cross,,
,,,,,,,,,,,,,,,,,,,,,,,,,,,,,,,,,,devastating,,,,,,,,,,,,,,,displeased,,
,,,,,,,,,,,,,,,,,,,,,,,,,,,,,,,,,,powerful,,,,,,,,,,,,,,,ferocious,,
,,,,,,,,,,,,,,,,,,,,,,,,,,,,,,,,,,terrible,,,,,,,,,,,,,,,fierce,,
,,,,,,,,,,,,,,,,,,,,,,,,,,,,,,,,,,potent,,,,,,,,,,,,,,,fiery,,
,,,,,,,,,,,,,,,,,,,,,,,,,,,,,,,,,,outrageous,,,,,,,,,,,,,,,hateful,,
,,,,,,,,,,,,,,,,,,,,,,,,,,,,,,,,,,intense,,,,,,,,,,,,,,,hot,,
,,,,,,,,,,,,,,,,,,,,,,,,,,,,,,,,,,painful,,,,,,,,,,,,,,,huffy,,
,,,,,,,,,,,,,,,,,,,,,,,,,,,,,,,,,,rugged,,,,,,,,,,,,,,,ill-tempered,,
,,,,,,,,,,,,,,,,,,,,,,,,,,,,,,,,,,turbulent,,,,,,,,,,,,,,,incensed,,
,,,,,,,,,,,,,,,,,,,,,,,,,,,,,,,,,,tempestuous,,,,,,,,,,,,,,,inflamed,,
,,,,,,,,,,,,,,,,,,,,,,,,,,,,,,,,,,strenuous,,,,,,,,,,,,,,,infuriated,,
,,,,,,,,,,,,,,,,,,,,,,,,,,,,,,,,,,moved,,,,,,,,,,,,,,,irascible,,
,,,,,,,,,,,,,,,,,,,,,,,,,,,,,,,,,,disconcerted,,,,,,,,,,,,,,,provoked,,
,,,,,,,,,,,,,,,,,,,,,,,,,,,,,,,,,,inflamed,,,,,,,,,,,,,,,raging,,
,,,,,,,,,,,,,,,,,,,,,,,,,,,,,,,,,,provoked,,,,,,,,,,,,,,,sore,,
,,,,,,,,,,,,,,,,,,,,,,,,,,,,,,,,,,stimulated,,,,,,,,,,,,,,,sulky,,
,,,,,,,,,,,,,,,,,,,,,,,,,,,,,,,,,,wired,,,,,,,,,,,,,,,tumultous/tumultuous,,
,,,,,,,,,,,,,,,,,,,,,,,,,,,,,,,,,,animated,,,,,,,,,,,,,,,turbulent,,
,,,,,,,,,,,,,,,,,,,,,,,,,,,,,,,,,,charged,,,,,,,,,,,,,,,wrathful,,
,,,,,,,,,,,,,,,,,,,,,,,,,,,,,,,,,,stirred,,,,,,,,,,,,,,,ireful,,
,,,,,,,,,,,,,,,,,,,,,,,,,,,,,,,,,,ruffled,,,,,,,,,,,,,,,affronted,,
,,,,,,,,,,,,,,,,,,,,,,,,,,,,,,,,,,discomposed,,,,,,,,,,,,,,,antagonized,,
,,,,,,,,,,,,,,,,,,,,,,,,,,,,,,,,,,roused,,,,,,,,,,,,,,,chafed,,
,,,,,,,,,,,,,,,,,,,,,,,,,,,,,,,,,,awakened,,,,,,,,,,,,,,,convulsed,,
,,,,,,,,,,,,,,,,,,,,,,,,,,,,,,,,,,aroused,,,,,,,,,,,,,,,exacerbated,,
,,,,,,,,,,,,,,,,,,,,,,,,,,,,,,,,,,piqued,,,,,,,,,,,,,,,fuming,,
,,,,,,,,,,,,,,,,,,,,,,,,,,,,,,,,,,rasping,,,,,,,,,,,,,,,galled,,
,,,,,,,,,,,,,,,,,,,,,,,,,,,,,,,,,,raging,,,,,,,,,,,,,,,maddened,,
,,,,,,,,,,,,,,,,,,,,,,,,,,,,,,,,,,grating,,,,,,,,,,,,,,,nettled,,
,,,,,,,,,,,,,,,,,,,,,,,,,,,,,,,,,,husky,,,,,,,,,,,,,,,piqued,,
,,,,,,,,,,,,,,,,,,,,,,,,,,,,,,,,,,jarring,,,,,,,,,,,,,,,riled,,
,,,,,,,,,,,,,,,,,,,,,,,,,,,,,,,,,,agitated,,,,,,,,,,,,,,,storming,,
,,,,,,,,,,,,,,,,,,,,,,,,,,,,,,,,,,wild,,,,,,,,,,,,,,,vexed,,
,,,,,,,,,,,,,,,,,,,,,,,,,,,,,,,,,,buffeting,,,,,,,,,,,,,,,acid,,
,,,,,,,,,,,,,,,,,,,,,,,,,,,,,,,,,,blustering,,,,,,,,,,,,,,,acrid,,
,,,,,,,,,,,,,,,,,,,,,,,,,,,,,,,,,,dry,,,,,,,,,,,,,,,acrimonious,,
,,,,,,,,,,,,,,,,,,,,,,,,,,,,,,,,,,rasping,,,,,,,,,,,,,,,awkward,,
,,,,,,,,,,,,,,,,,,,,,,,,,,,,,,,,,,raging,,,,,,,,,,,,,,,bad-tempered,,
,,,,,,,,,,,,,,,,,,,,,,,,,,,,,,,,,,grating,,,,,,,,,,,,,,,blunt,,
,,,,,,,,,,,,,,,,,,,,,,,,,,,,,,,,,,dirty,,,,,,,,,,,,,,,brusque,,
,,,,,,,,,,,,,,,,,,,,,,,,,,,,,,,,,,jarring,,,,,,,,,,,,,,,captious,,
,,,,,,,,,,,,,,,,,,,,,,,,,,,,,,,,,,agitated,,,,,,,,,,,,,,,choleric,,
,,,,,,,,,,,,,,,,,,,,,,,,,,,,,,,,,,buffeting,,,,,,,,,,,,,,,churlish,,
,,,,,,,,,,,,,,,,,,,,,,,,,,,,,,,,,,blustering,,,,,,,,,,,,,,,cranky,,
,,,,,,,,,,,,,,,,,,,,,,,,,,,,,,,,,,dry,,,,,,,,,,,,,,,cross,,
,,,,,,,,,,,,,,,,,,,,,,,,,,,,,,,,,,knockabout,,,,,,,,,,,,,,,crotchety,,
,,,,,,,,,,,,,,,,,,,,,,,,,,,,,,,,,,tough,,,,,,,,,,,,,,,crusty,,
,,,,,,,,,,,,,,,,,,,,,,,,,,,,,,,,,,grating,,,,,,,,,,,,,,,cynical,,
,,,,,,,,,,,,,,,,,,,,,,,,,,,,,,,,,,husky,,,,,,,,,,,,,,,difficult,,
,,,,,,,,,,,,,,,,,,,,,,,,,,,,,,,,,,rasping,,,,,,,,,,,,,,,dour,,
,,,,,,,,,,,,,,,,,,,,,,,,,,,,,,,,,,wild,,,,,,,,,,,,,,,fretful,,
,,,,,,,,,,,,,,,,,,,,,,,,,,,,,,,,,,buffeting,,,,,,,,,,,,,,,gloomy,,
,,,,,,,,,,,,,,,,,,,,,,,,,,,,,,,,,,choleric,,,,,,,,,,,,,,,glum,,
,,,,,,,,,,,,,,,,,,,,,,,,,,,,,,,,,,cross,,,,,,,,,,,,,,,grouchy,,
,,,,,,,,,,,,,,,,,,,,,,,,,,,,,,,,,,displeased,,,,,,,,,,,,,,,harsh,,
,,,,,,,,,,,,,,,,,,,,,,,,,,,,,,,,,,ferocious,,,,,,,,,,,,,,,huffy,,
,,,,,,,,,,,,,,,,,,,,,,,,,,,,,,,,,,fierce,,,,,,,,,,,,,,,ill-tempered,,
,,,,,,,,,,,,,,,,,,,,,,,,,,,,,,,,,,fiery,,,,,,,,,,,,,,,irascible,,
,,,,,,,,,,,,,,,,,,,,,,,,,,,,,,,,,,hateful,,,,,,,,,,,,,,,irritable,,
,,,,,,,,,,,,,,,,,,,,,,,,,,,,,,,,,,hot,,,,,,,,,,,,,,,misanthropic,,
,,,,,,,,,,,,,,,,,,,,,,,,,,,,,,,,,,huffy,,,,,,,,,,,,,,,morose,,
,,,,,,,,,,,,,,,,,,,,,,,,,,,,,,,,,,ill-tempered,,,,,,,,,,,,,,,peevish,,
,,,,,,,,,,,,,,,,,,,,,,,,,,,,,,,,,,incensed,,,,,,,,,,,,,,,perverse,,
,,,,,,,,,,,,,,,,,,,,,,,,,,,,,,,,,,inflamed,,,,,,,,,,,,,,,petulant,,
,,,,,,,,,,,,,,,,,,,,,,,,,,,,,,,,,,infuriated,,,,,,,,,,,,,,,prickly,,
,,,,,,,,,,,,,,,,,,,,,,,,,,,,,,,,,,irascible,,,,,,,,,,,,,,,saturnine,,
,,,,,,,,,,,,,,,,,,,,,,,,,,,,,,,,,,provoked,,,,,,,,,,,,,,,snappish,,
,,,,,,,,,,,,,,,,,,,,,,,,,,,,,,,,,,raging,,,,,,,,,,,,,,,snappy,,
,,,,,,,,,,,,,,,,,,,,,,,,,,,,,,,,,,sore,,,,,,,,,,,,,,,sour,,
,,,,,,,,,,,,,,,,,,,,,,,,,,,,,,,,,,sulky,,,,,,,,,,,,,,,sulky,,
,,,,,,,,,,,,,,,,,,,,,,,,,,,,,,,,,,turbulent,,,,,,,,,,,,,,,sullen,,
,,,,,,,,,,,,,,,,,,,,,,,,,,,,,,,,,,wrathful,,,,,,,,,,,,,,,surly,,
,,,,,,,,,,,,,,,,,,,,,,,,,,,,,,,,,,ireful,,,,,,,,,,,,,,,tart,,
,,,,,,,,,,,,,,,,,,,,,,,,,,,,,,,,,,affronted,,,,,,,,,,,,,,,testy,,
,,,,,,,,,,,,,,,,,,,,,,,,,,,,,,,,,,antagonized,,,,,,,,,,,,,,,tough,,
,,,,,,,,,,,,,,,,,,,,,,,,,,,,,,,,,,chafed,,,,,,,,,,,,,,,trying,,
,,,,,,,,,,,,,,,,,,,,,,,,,,,,,,,,,,convulsed,,,,,,,,,,,,,,,unsociable,,
,,,,,,,,,,,,,,,,,,,,,,,,,,,,,,,,,,exacerbated,,,,,,,,,,,,,,,ill-humored,,
,,,,,,,,,,,,,,,,,,,,,,,,,,,,,,,,,,fuming,,,,,,,,,,,,,,,nasty-tempered,,
,,,,,,,,,,,,,,,,,,,,,,,,,,,,,,,,,,galled,,,,,,,,,,,,,,,cantankerous,,
,,,,,,,,,,,,,,,,,,,,,,,,,,,,,,,,,,maddened,,,,,,,,,,,,,,,captious,,
,,,,,,,,,,,,,,,,,,,,,,,,,,,,,,,,,,nettled,,,,,,,,,,,,,,,choleric,,
,,,,,,,,,,,,,,,,,,,,,,,,,,,,,,,,,,piqued,,,,,,,,,,,,,,,churlish,,
,,,,,,,,,,,,,,,,,,,,,,,,,,,,,,,,,,riled,,,,,,,,,,,,,,,crabby,,
,,,,,,,,,,,,,,,,,,,,,,,,,,,,,,,,,,splenetic,,,,,,,,,,,,,,,cranky,,
,,,,,,,,,,,,,,,,,,,,,,,,,,,,,,,,,,storming,,,,,,,,,,,,,,,crotchety,,
,,,,,,,,,,,,,,,,,,,,,,,,,,,,,,,,,,vexed,,,,,,,,,,,,,,,crusty,,
,,,,,,,,,,,,,,,,,,,,,,,,,,,,,,,,,,disorderly,,,,,,,,,,,,,,,disagreeable,,
,,,,,,,,,,,,,,,,,,,,,,,,,,,,,,,,,,effervescent,,,,,,,,,,,,,,,fractious,,
,,,,,,,,,,,,,,,,,,,,,,,,,,,,,,,,,,impetuous,,,,,,,,,,,,,,,fretful,,
,,,,,,,,,,,,,,,,,,,,,,,,,,,,,,,,,,obstreperous,,,,,,,,,,,,,,,grouchy,,
,,,,,,,,,,,,,,,,,,,,,,,,,,,,,,,,,,unrestrained,,,,,,,,,,,,,,,grumpy,,
,,,,,,,,,,,,,,,,,,,,,,,,,,,,,,,,,,wild,,,,,,,,,,,,,,,ill-tempered,,
,,,,,,,,,,,,,,,,,,,,,,,,,,,,,,,,,,bouncy,,,,,,,,,,,,,,,impatient,,
,,,,,,,,,,,,,,,,,,,,,,,,,,,,,,,,,,brawling,,,,,,,,,,,,,,,irascible,,
,,,,,,,,,,,,,,,,,,,,,,,,,,,,,,,,,,vociferant,,,,,,,,,,,,,,,irritable,,
,,,,,,,,,,,,,,,,,,,,,,,,,,,,,,,,,,boisterous,,,,,,,,,,,,,,,jumpy,,
,,,,,,,,,,,,,,,,,,,,,,,,,,,,,,,,,,disobedient,,,,,,,,,,,,,,,peevish,,
,,,,,,,,,,,,,,,,,,,,,,,,,,,,,,,,,,drunk,,,,,,,,,,,,,,,petulant,,
,,,,,,,,,,,,,,,,,,,,,,,,,,,,,,,,,,intemperate,,,,,,,,,,,,,,,querulous,,
,,,,,,,,,,,,,,,,,,,,,,,,,,,,,,,,,,noisy,,,,,,,,,,,,,,,quick-tempered,,
,,,,,,,,,,,,,,,,,,,,,,,,,,,,,,,,,,obstreperous,,,,,,,,,,,,,,,ratty,,
,,,,,,,,,,,,,,,,,,,,,,,,,,,,,,,,,,refractory,,,,,,,,,,,,,,,snappy,,
,,,,,,,,,,,,,,,,,,,,,,,,,,,,,,,,,,riotous,,,,,,,,,,,,,,,sullen,,
,,,,,,,,,,,,,,,,,,,,,,,,,,,,,,,,,,stormy,,,,,,,,,,,,,,,surly,,
,,,,,,,,,,,,,,,,,,,,,,,,,,,,,,,,,,turbulent,,,,,,,,,,,,,,,testy,,
,,,,,,,,,,,,,,,,,,,,,,,,,,,,,,,,,,uncontrollable,,,,,,,,,,,,,,,touchy,,
,,,,,,,,,,,,,,,,,,,,,,,,,,,,,,,,,,ungovernable,,,,,,,,,,,,,,,waspish,,
,,,,,,,,,,,,,,,,,,,,,,,,,,,,,,,,,,unmanageable,,,,,,,,,,,,,,,tetchy,,
,,,,,,,,,,,,,,,,,,,,,,,,,,,,,,,,,,wayward,,,,,,,,,,,,,,,ill-humored,,
,,,,,,,,,,,,,,,,,,,,,,,,,,,,,,,,,,uncompliant,,,,,,,,,,,,,,,pettish,,
,,,,,,,,,,,,,,,,,,,,,,,,,,,,,,,,,,indisciplined,,,,,,,,,,,,,,,abrupt,,
,,,,,,,,,,,,,,,,,,,,,,,,,,,,,,,,,,off-base,,,,,,,,,,,,,,,bluff,,
,,,,,,,,,,,,,,,,,,,,,,,,,,,,,,,,,,on-a-tear,,,,,,,,,,,,,,,blunt,,
,,,,,,,,,,,,,,,,,,,,,,,,,,,,,,,,,,out-of-line,,,,,,,,,,,,,,,brief,,
,,,,,,,,,,,,,,,,,,,,,,,,,,,,,,,,,,out-of-order,,,,,,,,,,,,,,,cantankerous,,
,,,,,,,,,,,,,,,,,,,,,,,,,,,,,,,,,,termagant,,,,,,,,,,,,,,,captious,,
,,,,,,,,,,,,,,,,,,,,,,,,,,,,,,,,,,feverish,,,,,,,,,,,,,,,choleric,,
,,,,,,,,,,,,,,,,,,,,,,,,,,,,,,,,,,frantic,,,,,,,,,,,,,,,crabby,,
,,,,,,,,,,,,,,,,,,,,,,,,,,,,,,,,,,high,,,,,,,,,,,,,,,cross,,
,,,,,,,,,,,,,,,,,,,,,,,,,,,,,,,,,,hot,,,,,,,,,,,,,,,curt,,
,,,,,,,,,,,,,,,,,,,,,,,,,,,,,,,,,,hyperactive,,,,,,,,,,,,,,,dour,,
,,,,,,,,,,,,,,,,,,,,,,,,,,,,,,,,,,jumpy,,,,,,,,,,,,,,,harsh,,
,,,,,,,,,,,,,,,,,,,,,,,,,,,,,,,,,,overwrought,,,,,,,,,,,,,,,peevish,,
,,,,,,,,,,,,,,,,,,,,,,,,,,,,,,,,,,wild,,,,,,,,,,,,,,,saturnine,,
,,,,,,,,,,,,,,,,,,,,,,,,,,,,,,,,,,aflame,,,,,,,,,,,,,,,scornful,,
,,,,,,,,,,,,,,,,,,,,,,,,,,,,,,,,,,alienated,,,,,,,,,,,,,,,short,,
,,,,,,,,,,,,,,,,,,,,,,,,,,,,,,,,,,belligerent,,,,,,,,,,,,,,,short-tempered,,
,,,,,,,,,,,,,,,,,,,,,,,,,,,,,,,,,,contentious,,,,,,,,,,,,,,,snappish,,
,,,,,,,,,,,,,,,,,,,,,,,,,,,,,,,,,,contumacious,,,,,,,,,,,,,,,snippy,,
,,,,,,,,,,,,,,,,,,,,,,,,,,,,,,,,,,disaffected,,,,,,,,,,,,,,,surly,,
,,,,,,,,,,,,,,,,,,,,,,,,,,,,,,,,,,disputatious,,,,,,,,,,,,,,,testy,,
,,,,,,,,,,,,,,,,,,,,,,,,,,,,,,,,,,dissident,,,,,,,,,,,,,,,touchy,,
,,,,,,,,,,,,,,,,,,,,,,,,,,,,,,,,,,divisive,,,,,,,,,,,,,,,crabbed,,
,,,,,,,,,,,,,,,,,,,,,,,,,,,,,,,,,,fighting,,,,,,,,,,,,,,,snippety,,
,,,,,,,,,,,,,,,,,,,,,,,,,,,,,,,,,,hostile,,,,,,,,,,,,,,,ill-humored,,
,,,,,,,,,,,,,,,,,,,,,,,,,,,,,,,,,,insubordinate,,,,,,,,,,,,,,,snarling,,
,,,,,,,,,,,,,,,,,,,,,,,,,,,,,,,,,,insurgent,,,,,,,,,,,,,,,vinegary,,
,,,,,,,,,,,,,,,,,,,,,,,,,,,,,,,,,,litigious,,,,,,,,,,,,,,,captious,,
,,,,,,,,,,,,,,,,,,,,,,,,,,,,,,,,,,malcontent,,,,,,,,,,,,,,,carping,,
,,,,,,,,,,,,,,,,,,,,,,,,,,,,,,,,,,mutinous,,,,,,,,,,,,,,,complaining,,
,,,,,,,,,,,,,,,,,,,,,,,,,,,,,,,,,,partisan,,,,,,,,,,,,,,,contrary,,
,,,,,,,,,,,,,,,,,,,,,,,,,,,,,,,,,,quarrelsome,,,,,,,,,,,,,,,crabby,,
,,,,,,,,,,,,,,,,,,,,,,,,,,,,,,,,,,rebellious,,,,,,,,,,,,,,,cranky,,
,,,,,,,,,,,,,,,,,,,,,,,,,,,,,,,,,,refractory,,,,,,,,,,,,,,,critical,,
,,,,,,,,,,,,,,,,,,,,,,,,,,,,,,,,,,rival,,,,,,,,,,,,,,,cross,,
,,,,,,,,,,,,,,,,,,,,,,,,,,,,,,,,,,sectarian,,,,,,,,,,,,,,,crotchety,,
,,,,,,,,,,,,,,,,,,,,,,,,,,,,,,,,,,seditious,,,,,,,,,,,,,,,edgy,,
,,,,,,,,,,,,,,,,,,,,,,,,,,,,,,,,,,turbulent,,,,,,,,,,,,,,,faultfinding,,
,,,,,,,,,,,,,,,,,,,,,,,,,,,,,,,,,,insurrectionary,,,,,,,,,,,,,,,fractious,,
,,,,,,,,,,,,,,,,,,,,,,,,,,,,,,,,,,contending,,,,,,,,,,,,,,,huffy,,
,,,,,,,,,,,,,,,,,,,,,,,,,,,,,,,,,,estranged,,,,,,,,,,,,,,,mean,,
,,,,,,,,,,,,,,,,,,,,,,,,,,,,,,,,,,troublemaking,,,,,,,,,,,,,,,ornery,,
,,,,,,,,,,,,,,,,,,,,,,,,,,,,,,,,,,animal,,,,,,,,,,,,,,,peevish,,
,,,,,,,,,,,,,,,,,,,,,,,,,,,,,,,,,,ape,,,,,,,,,,,,,,,perverse,,
,,,,,,,,,,,,,,,,,,,,,,,,,,,,,,,,,,awful,,,,,,,,,,,,,,,petulant,,
,,,,,,,,,,,,,,,,,,,,,,,,,,,,,,,,,,barbarous,,,,,,,,,,,,,,,querulous,,
,,,,,,,,,,,,,,,,,,,,,,,,,,,,,,,,,,bloodthirsty,,,,,,,,,,,,,,,short-tempered,,
,,,,,,,,,,,,,,,,,,,,,,,,,,,,,,,,,,blustery,,,,,,,,,,,,,,,snappish,,
,,,,,,,,,,,,,,,,,,,,,,,,,,,,,,,,,,boisterous,,,,,,,,,,,,,,,testy,,
,,,,,,,,,,,,,,,,,,,,,,,,,,,,,,,,,,cruel,,,,,,,,,,,,,,,touchy,,
,,,,,,,,,,,,,,,,,,,,,,,,,,,,,,,,,,enraged,,,,,,,,,,,,,,,uneasy,,
,,,,,,,,,,,,,,,,,,,,,,,,,,,,,,,,,,fell,,,,,,,,,,,,,,,worried,,
,,,,,,,,,,,,,,,,,,,,,,,,,,,,,,,,,,feral,,,,,,,,,,,,,,,wreck,,
,,,,,,,,,,,,,,,,,,,,,,,,,,,,,,,,,,frightening,,,,,,,,,,,,,,,caviling,,
,,,,,,,,,,,,,,,,,,,,,,,,,,,,,,,,,,horrible,,,,,,,,,,,,,,,austere,,
,,,,,,,,,,,,,,,,,,,,,,,,,,,,,,,,,,impetuous,,,,,,,,,,,,,,,barbarous,,
,,,,,,,,,,,,,,,,,,,,,,,,,,,,,,,,,,infuriated,,,,,,,,,,,,,,,cantankerous,,
,,,,,,,,,,,,,,,,,,,,,,,,,,,,,,,,,,malevolent,,,,,,,,,,,,,,,churlish,,
,,,,,,,,,,,,,,,,,,,,,,,,,,,,,,,,,,malign,,,,,,,,,,,,,,,crusty,,
,,,,,,,,,,,,,,,,,,,,,,,,,,,,,,,,,,primitive,,,,,,,,,,,,,,,dogged,,
,,,,,,,,,,,,,,,,,,,,,,,,,,,,,,,,,,raving,,,,,,,,,,,,,,,ferocious,,
,,,,,,,,,,,,,,,,,,,,,,,,,,,,,,,,,,tempestuous,,,,,,,,,,,,,,,fierce,,
,,,,,,,,,,,,,,,,,,,,,,,,,,,,,,,,,,threatening,,,,,,,,,,,,,,,forbidding,,
,,,,,,,,,,,,,,,,,,,,,,,,,,,,,,,,,,truculent,,,,,,,,,,,,,,,foreboding,,
,,,,,,,,,,,,,,,,,,,,,,,,,,,,,,,,,,uncontrollable,,,,,,,,,,,,,,,formidable,,
,,,,,,,,,,,,,,,,,,,,,,,,,,,,,,,,,,untamed,,,,,,,,,,,,,,,frightful,,
,,,,,,,,,,,,,,,,,,,,,,,,,,,,,,,,,,venomous,,,,,,,,,,,,,,,funereal,,
,,,,,,,,,,,,,,,,,,,,,,,,,,,,,,,,,,wild,,,,,,,,,,,,,,,grouchy,,
,,,,,,,,,,,,,,,,,,,,,,,,,,,,,,,,,,brutish,,,,,,,,,,,,,,,grumpy,,
,,,,,,,,,,,,,,,,,,,,,,,,,,,,,,,,,,flipped,,,,,,,,,,,,,,,hideous,,
,,,,,,,,,,,,,,,,,,,,,,,,,,,,,,,,,,howling,,,,,,,,,,,,,,,implacable,,
,,,,,,,,,,,,,,,,,,,,,,,,,,,,,,,,,,tigerish,,,,,,,,,,,,,,,inexorable,,
,,,,,,,,,,,,,,,,,,,,,,,,,,,,,,,,,,blustery,,,,,,,,,,,,,,,intractable,,
,,,,,,,,,,,,,,,,,,,,,,,,,,,,,,,,,,boisterous,,,,,,,,,,,,,,,merciless,,
,,,,,,,,,,,,,,,,,,,,,,,,,,,,,,,,,,concentrated,,,,,,,,,,,,,,,morose,,
,,,,,,,,,,,,,,,,,,,,,,,,,,,,,,,,,,excessive,,,,,,,,,,,,,,,relentless,,
,,,,,,,,,,,,,,,,,,,,,,,,,,,,,,,,,,exquisite,,,,,,,,,,,,,,,resolute,,
,,,,,,,,,,,,,,,,,,,,,,,,,,,,,,,,,,extreme,,,,,,,,,,,,,,,ruthless,,
,,,,,,,,,,,,,,,,,,,,,,,,,,,,,,,,,,flaming,,,,,,,,,,,,,,,severe,,
,,,,,,,,,,,,,,,,,,,,,,,,,,,,,,,,,,impetuous,,,,,,,,,,,,,,,sinister,,
,,,,,,,,,,,,,,,,,,,,,,,,,,,,,,,,,,rough,,,,,,,,,,,,,,,stubborn,,
,,,,,,,,,,,,,,,,,,,,,,,,,,,,,,,,,,savage,,,,,,,,,,,,,,,sulky,,
,,,,,,,,,,,,,,,,,,,,,,,,,,,,,,,,,,tempestuous,,,,,,,,,,,,,,,sullen,,
,,,,,,,,,,,,,,,,,,,,,,,,,,,,,,,,,,terrible,,,,,,,,,,,,,,,surly,,
,,,,,,,,,,,,,,,,,,,,,,,,,,,,,,,,,,ungovernable,,,,,,,,,,,,,,,truculent,,
,,,,,,,,,,,,,,,,,,,,,,,,,,,,,,,,,,unrestrained,,,,,,,,,,,,,,,unrelenting,,
,,,,,,,,,,,,,,,,,,,,,,,,,,,,,,,,,,vicious,,,,,,,,,,,,,,,unyielding,,
,,,,,,,,,,,,,,,,,,,,,,,,,,,,,,,,,,wild,,,,,,,,,,,,,,,crabbed,,
,,,,,,,,,,,,,,,,,,,,,,,,,,,,,,,,,,blustering,,,,,,,,,,,,,,,glowering,,
,,,,,,,,,,,,,,,,,,,,,,,,,,,,,,,,,,rampageous,,,,,,,,,,,,,,,scowling,,
,,,,,,,,,,,,,,,,,,,,,,,,,,,,,,,,,,about,,,,,,,,,,,,,,,angry,,
,,,,,,,,,,,,,,,,,,,,,,,,,,,,,,,,,,anyhow,,,,,,,,,,,,,,,cantankerous,,
,,,,,,,,,,,,,,,,,,,,,,,,,,,,,,,,,,around,,,,,,,,,,,,,,,capricious,,
,,,,,,,,,,,,,,,,,,,,,,,,,,,,,,,,,,disorderly,,,,,,,,,,,,,,,changeable,,
,,,,,,,,,,,,,,,,,,,,,,,,,,,,,,,,,,hastily,,,,,,,,,,,,,,,crestfallen,,
,,,,,,,,,,,,,,,,,,,,,,,,,,,,,,,,,,hit-or-miss,,,,,,,,,,,,,,,dismal,,
,,,,,,,,,,,,,,,,,,,,,,,,,,,,,,,,,,hotfoot,,,,,,,,,,,,,,,doleful,,
,,,,,,,,,,,,,,,,,,,,,,,,,,,,,,,,,,impetuously,,,,,,,,,,,,,,,dour,,
,,,,,,,,,,,,,,,,,,,,,,,,,,,,,,,,,,irregular,,,,,,,,,,,,,,,erratic,,
,,,,,,,,,,,,,,,,,,,,,,,,,,,,,,,,,,muddled,,,,,,,,,,,,,,,fickle,,
,,,,,,,,,,,,,,,,,,,,,,,,,,,,,,,,,,pell-mell,,,,,,,,,,,,,,,fitful,,
,,,,,,,,,,,,,,,,,,,,,,,,,,,,,,,,,,random,,,,,,,,,,,,,,,flighty,,
,,,,,,,,,,,,,,,,,,,,,,,,,,,,,,,,,,rashly,,,,,,,,,,,,,,,frowning,,
,,,,,,,,,,,,,,,,,,,,,,,,,,,,,,,,,,recklessly,,,,,,,,,,,,,,,gloomy,,
,,,,,,,,,,,,,,,,,,,,,,,,,,,,,,,,,,topsy-turvy,,,,,,,,,,,,,,,glum,,
,,,,,,,,,,,,,,,,,,,,,,,,,,,,,,,,,,wildly,,,,,,,,,,,,,,,huffy,,
,,,,,,,,,,,,,,,,,,,,,,,,,,,,,,,,,,cluttered,,,,,,,,,,,,,,,ill-tempered,,
,,,,,,,,,,,,,,,,,,,,,,,,,,,,,,,,,,higgledy-piggledy,,,,,,,,,,,,,,,impulsive,,
,,,,,,,,,,,,,,,,,,,,,,,,,,,,,,,,,,anywise,,,,,,,,,,,,,,,introspective,,
,,,,,,,,,,,,,,,,,,,,,,,,,,,,,,,,,,hurriedly,,,,,,,,,,,,,,,irascible,,
,,,,,,,,,,,,,,,,,,,,,,,,,,,,,,,,,,incautiously,,,,,,,,,,,,,,,irritable,,
,,,,,,,,,,,,,,,,,,,,,,,,,,,,,,,,,,incontinently,,,,,,,,,,,,,,,lugubrious,,
,,,,,,,,,,,,,,,,,,,,,,,,,,,,,,,,,,randomly,,,,,,,,,,,,,,,mercurial,,
,,,,,,,,,,,,,,,,,,,,,,,,,,,,,,,,,,unmindfully,,,,,,,,,,,,,,,miserable,,
,,,,,,,,,,,,,,,,,,,,,,,,,,,,,,,,,,bubbling,,,,,,,,,,,,,,,morose,,
,,,,,,,,,,,,,,,,,,,,,,,,,,,,,,,,,,enthusiastic,,,,,,,,,,,,,,,offended,,
,,,,,,,,,,,,,,,,,,,,,,,,,,,,,,,,,,uncontrollable,,,,,,,,,,,,,,,pensive,,
,,,,,,,,,,,,,,,,,,,,,,,,,,,,,,,,,,unmanageable,,,,,,,,,,,,,,,petulant,,
,,,,,,,,,,,,,,,,,,,,,,,,,,,,,,,,,,unrestrained,,,,,,,,,,,,,,,sad,,
,,,,,,,,,,,,,,,,,,,,,,,,,,,,,,,,,,unruly,,,,,,,,,,,,,,,saturnine,,
,,,,,,,,,,,,,,,,,,,,,,,,,,,,,,,,,,unconstrained,,,,,,,,,,,,,,,short-tempered,,
,,,,,,,,,,,,,,,,,,,,,,,,,,,,,,,,,,insuppressible,,,,,,,,,,,,,,,sullen,,
,,,,,,,,,,,,,,,,,,,,,,,,,,,,,,,,,,rhapsodical,,,,,,,,,,,,,,,testy,,
,,,,,,,,,,,,,,,,,,,,,,,,,,,,,,,,,,uncontainable,,,,,,,,,,,,,,,touchy,,
,,,,,,,,,,,,,,,,,,,,,,,,,,,,,,,,,,unquenchable,,,,,,,,,,,,,,,crabbed,,
,,,,,,,,,,,,,,,,,,,,,,,,,,,,,,,,,,unrestrainable,,,,,,,,,,,,,,,ill-humored,,
,,,,,,,,,,,,,,,,,,,,,,,,,,,,,,,,,,unstoppable,,,,,,,,,,,,,,,moping,,
,,,,,,,,,,,,,,,,,,,,,,,,,,,,,,,,,,blatant,,,,,,,,,,,,,,,piqued,,
,,,,,,,,,,,,,,,,,,,,,,,,,,,,,,,,,,deafening,,,,,,,,,,,,,,,acrimonious,,
,,,,,,,,,,,,,,,,,,,,,,,,,,,,,,,,,,disorderly,,,,,,,,,,,,,,,blue,,
,,,,,,,,,,,,,,,,,,,,,,,,,,,,,,,,,,jumping,,,,,,,,,,,,,,,brusque,,
,,,,,,,,,,,,,,,,,,,,,,,,,,,,,,,,,,obstreperous,,,,,,,,,,,,,,,cantankerous,,
,,,,,,,,,,,,,,,,,,,,,,,,,,,,,,,,,,piercing,,,,,,,,,,,,,,,choleric,,
,,,,,,,,,,,,,,,,,,,,,,,,,,,,,,,,,,raspy,,,,,,,,,,,,,,,churlish,,
,,,,,,,,,,,,,,,,,,,,,,,,,,,,,,,,,,turbulent,,,,,,,,,,,,,,,crabby,,
,,,,,,,,,,,,,,,,,,,,,,,,,,,,,,,,,,uproarious,,,,,,,,,,,,,,,cross,,
,,,,,,,,,,,,,,,,,,,,,,,,,,,,,,,,,,booming,,,,,,,,,,,,,,,dolorous,,
,,,,,,,,,,,,,,,,,,,,,,,,,,,,,,,,,,blusterous,,,,,,,,,,,,,,,down,,
,,,,,,,,,,,,,,,,,,,,,,,,,,,,,,,,,,chattering,,,,,,,,,,,,,,,frowning,,
,,,,,,,,,,,,,,,,,,,,,,,,,,,,,,,,,,clangorous,,,,,,,,,,,,,,,gruff,,
,,,,,,,,,,,,,,,,,,,,,,,,,,,,,,,,,,clattery,,,,,,,,,,,,,,,harsh,,
,,,,,,,,,,,,,,,,,,,,,,,,,,,,,,,,,,ear-popping,,,,,,,,,,,,,,,ill-tempered,,
,,,,,,,,,,,,,,,,,,,,,,,,,,,,,,,,,,ear-splitting,,,,,,,,,,,,,,,irritable,,
,,,,,,,,,,,,,,,,,,,,,,,,,,,,,,,,,,loudmouth,,,,,,,,,,,,,,,low,,
,,,,,,,,,,,,,,,,,,,,,,,,,,,,,,,,,,rackety,,,,,,,,,,,,,,,moody,,
,,,,,,,,,,,,,,,,,,,,,,,,,,,,,,,,,,screaming,,,,,,,,,,,,,,,perverse,,
,,,,,,,,,,,,,,,,,,,,,,,,,,,,,,,,,,strepitous,,,,,,,,,,,,,,,saturnine,,
,,,,,,,,,,,,,,,,,,,,,,,,,,,,,,,,,,chaotic,,,,,,,,,,,,,,,snappish,,
,,,,,,,,,,,,,,,,,,,,,,,,,,,,,,,,,,confused,,,,,,,,,,,,,,,sour,,
,,,,,,,,,,,,,,,,,,,,,,,,,,,,,,,,,,disorganized,,,,,,,,,,,,,,,sulky,,
,,,,,,,,,,,,,,,,,,,,,,,,,,,,,,,,,,haphazard,,,,,,,,,,,,,,,taciturn,,
,,,,,,,,,,,,,,,,,,,,,,,,,,,,,,,,,,muddled,,,,,,,,,,,,,,,troubled,,
,,,,,,,,,,,,,,,,,,,,,,,,,,,,,,,,,,disarrayed,,,,,,,,,,,,,,,crabbed,,
,,,,,,,,,,,,,,,,,,,,,,,,,,,,,,,,,,rough,,,,,,,,,,,,,,,ill-humored,,
,,,,,,,,,,,,,,,,,,,,,,,,,,,,,,,,,,rude,,,,,,,,,,,,,,,moping,,
,,,,,,,,,,,,,,,,,,,,,,,,,,,,,,,,,,turbulent,,,,,,,,,,,,,,,perversive,,
,,,,,,,,,,,,,,,,,,,,,,,,,,,,,,,,,,termagant,,,,,,,,,,,,,,,acrimonious,,
,,,,,,,,,,,,,,,,,,,,,,,,,,,,,,,,,,aggressive,,,,,,,,,,,,,,,angry,,
,,,,,,,,,,,,,,,,,,,,,,,,,,,,,,,,,,boisterous,,,,,,,,,,,,,,,bad-tempered,,
,,,,,,,,,,,,,,,,,,,,,,,,,,,,,,,,,,clamorous,,,,,,,,,,,,,,,cantankerous,,
,,,,,,,,,,,,,,,,,,,,,,,,,,,,,,,,,,dominant,,,,,,,,,,,,,,,captious,,
,,,,,,,,,,,,,,,,,,,,,,,,,,,,,,,,,,epidemic,,,,,,,,,,,,,,,carping,,
,,,,,,,,,,,,,,,,,,,,,,,,,,,,,,,,,,extravagant,,,,,,,,,,,,,,,childish,,
,,,,,,,,,,,,,,,,,,,,,,,,,,,,,,,,,,exuberant,,,,,,,,,,,,,,,churlish,,
,,,,,,,,,,,,,,,,,,,,,,,,,,,,,,,,,,fanatical,,,,,,,,,,,,,,,complaining,,
,,,,,,,,,,,,,,,,,,,,,,,,,,,,,,,,,,furious,,,,,,,,,,,,,,,cranky,,
,,,,,,,,,,,,,,,,,,,,,,,,,,,,,,,,,,impetuous,,,,,,,,,,,,,,,critical,,
,,,,,,,,,,,,,,,,,,,,,,,,,,,,,,,,,,impulsive,,,,,,,,,,,,,,,cross,,
,,,,,,,,,,,,,,,,,,,,,,,,,,,,,,,,,,luxuriant,,,,,,,,,,,,,,,crotchety,,
,,,,,,,,,,,,,,,,,,,,,,,,,,,,,,,,,,outrageous,,,,,,,,,,,,,,,crusty,,
,,,,,,,,,,,,,,,,,,,,,,,,,,,,,,,,,,predominant,,,,,,,,,,,,,,,fault-finding,,
,,,,,,,,,,,,,,,,,,,,,,,,,,,,,,,,,,profuse,,,,,,,,,,,,,,,fractious,,
,,,,,,,,,,,,,,,,,,,,,,,,,,,,,,,,,,rank,,,,,,,,,,,,,,,fretful,,
,,,,,,,,,,,,,,,,,,,,,,,,,,,,,,,,,,riotous,,,,,,,,,,,,,,,grouchy,,
,,,,,,,,,,,,,,,,,,,,,,,,,,,,,,,,,,turbulent,,,,,,,,,,,,,,,grumpy,,
,,,,,,,,,,,,,,,,,,,,,,,,,,,,,,,,,,ungovernable,,,,,,,,,,,,,,,huffy,,
,,,,,,,,,,,,,,,,,,,,,,,,,,,,,,,,,,unruly,,,,,,,,,,,,,,,ill-natured,,
,,,,,,,,,,,,,,,,,,,,,,,,,,,,,,,,,,vehement,,,,,,,,,,,,,,,mean,,
,,,,,,,,,,,,,,,,,,,,,,,,,,,,,,,,,,widespread,,,,,,,,,,,,,,,morose,,
,,,,,,,,,,,,,,,,,,,,,,,,,,,,,,,,,,wild,,,,,,,,,,,,,,,obstinate,,
,,,,,,,,,,,,,,,,,,,,,,,,,,,,,,,,,,pandemic,,,,,,,,,,,,,,,ogre,,
,,,,,,,,,,,,,,,,,,,,,,,,,,,,,,,,,,blustering,,,,,,,,,,,,,,,ornery,,
,,,,,,,,,,,,,,,,,,,,,,,,,,,,,,,,,,rampaging,,,,,,,,,,,,,,,pertinacious,,
,,,,,,,,,,,,,,,,,,,,,,,,,,,,,,,,,,disorderly,,,,,,,,,,,,,,,petulant,,
,,,,,,,,,,,,,,,,,,,,,,,,,,,,,,,,,,intemperate,,,,,,,,,,,,,,,querulous,,
,,,,,,,,,,,,,,,,,,,,,,,,,,,,,,,,,,blustery,,,,,,,,,,,,,,,short-tempered,,
,,,,,,,,,,,,,,,,,,,,,,,,,,,,,,,,,,boisterous,,,,,,,,,,,,,,,snappy,,
,,,,,,,,,,,,,,,,,,,,,,,,,,,,,,,,,,cacophonous,,,,,,,,,,,,,,,sulky,,
,,,,,,,,,,,,,,,,,,,,,,,,,,,,,,,,,,discordant,,,,,,,,,,,,,,,sullen,,
,,,,,,,,,,,,,,,,,,,,,,,,,,,,,,,,,,furious,,,,,,,,,,,,,,,surly,,
,,,,,,,,,,,,,,,,,,,,,,,,,,,,,,,,,,gruff,,,,,,,,,,,,,,,touchy,,
,,,,,,,,,,,,,,,,,,,,,,,,,,,,,,,,,,hoarse,,,,,,,,,,,,,,,ugly,,
,,,,,,,,,,,,,,,,,,,,,,,,,,,,,,,,,,inclement,,,,,,,,,,,,,,,waspish,,
,,,,,,,,,,,,,,,,,,,,,,,,,,,,,,,,,,inharmonious,,,,,,,,,,,,,,,crabbed,,
,,,,,,,,,,,,,,,,,,,,,,,,,,,,,,,,,,raucous,,,,,,,,,,,,,,,tetchy,,
,,,,,,,,,,,,,,,,,,,,,,,,,,,,,,,,,,tempestuous,,,,,,,,,,,,,,,caviling,,
,,,,,,,,,,,,,,,,,,,,,,,,,,,,,,,,,,unmusical,,,,,,,,,,,,,,,cussed,,
,,,,,,,,,,,,,,,,,,,,,,,,,,,,,,,,,,squally,,,,,,,,,,,,,,,fretting,,
,,,,,,,,,,,,,,,,,,,,,,,,,,,,,,,,,,stridulent,,,,,,,,,,,,,,,grousing,,
,,,,,,,,,,,,,,,,,,,,,,,,,,,,,,,,,,agitated,,,,,,,,,,,,,,,growling,,
,,,,,,,,,,,,,,,,,,,,,,,,,,,,,,,,,,blustery,,,,,,,,,,,,,,,out-of-sorts,,
,,,,,,,,,,,,,,,,,,,,,,,,,,,,,,,,,,boisterous,,,,,,,,,,,,,,,waspy,,
,,,,,,,,,,,,,,,,,,,,,,,,,,,,,,,,,,breezy,,,,,,,,,,,,,,,whining,,
,,,,,,,,,,,,,,,,,,,,,,,,,,,,,,,,,,coarse,,,,,,,,,,,,,,,choleric,,
,,,,,,,,,,,,,,,,,,,,,,,,,,,,,,,,,,emotional,,,,,,,,,,,,,,,cranky,,
,,,,,,,,,,,,,,,,,,,,,,,,,,,,,,,,,,excited,,,,,,,,,,,,,,,cross,,
,,,,,,,,,,,,,,,,,,,,,,,,,,,,,,,,,,feverish,,,,,,,,,,,,,,,excitable,,
,,,,,,,,,,,,,,,,,,,,,,,,,,,,,,,,,,furious,,,,,,,,,,,,,,,fiery,,
,,,,,,,,,,,,,,,,,,,,,,,,,,,,,,,,,,gusty,,,,,,,,,,,,,,,hot-tempered,,
,,,,,,,,,,,,,,,,,,,,,,,,,,,,,,,,,,hysterical,,,,,,,,,,,,,,,impatient,,
,,,,,,,,,,,,,,,,,,,,,,,,,,,,,,,,,,intense,,,,,,,,,,,,,,,impulsive,,
,,,,,,,,,,,,,,,,,,,,,,,,,,,,,,,,,,raging,,,,,,,,,,,,,,,inflammable,,
,,,,,,,,,,,,,,,,,,,,,,,,,,,,,,,,,,rough,,,,,,,,,,,,,,,irascible,,
,,,,,,,,,,,,,,,,,,,,,,,,,,,,,,,,,,rugged,,,,,,,,,,,,,,,irritable,,
,,,,,,,,,,,,,,,,,,,,,,,,,,,,,,,,,,unbridled,,,,,,,,,,,,,,,passionate,,
,,,,,,,,,,,,,,,,,,,,,,,,,,,,,,,,,,uncontrolled,,,,,,,,,,,,,,,peppery,,
,,,,,,,,,,,,,,,,,,,,,,,,,,,,,,,,,,unrestrained,,,,,,,,,,,,,,,petulant,,
,,,,,,,,,,,,,,,,,,,,,,,,,,,,,,,,,,violent,,,,,,,,,,,,,,,quarrelsome,,
,,,,,,,,,,,,,,,,,,,,,,,,,,,,,,,,,,windy,,,,,,,,,,,,,,,ratty,,
,,,,,,,,,,,,,,,,,,,,,,,,,,,,,,,,,,blustering,,,,,,,,,,,,,,,sensitive,,
,,,,,,,,,,,,,,,,,,,,,,,,,,,,,,,,,,squally,,,,,,,,,,,,,,,short-tempered,,
,,,,,,,,,,,,,,,,,,,,,,,,,,,,,,,,,,storming,,,,,,,,,,,,,,,shrewish,,
,,,,,,,,,,,,,,,,,,,,,,,,,,,,,,,,,,cockeyed,,,,,,,,,,,,,,,temperamental,,
,,,,,,,,,,,,,,,,,,,,,,,,,,,,,,,,,,confused,,,,,,,,,,,,,,,testy,,
,,,,,,,,,,,,,,,,,,,,,,,,,,,,,,,,,,disheveled,,,,,,,,,,,,,,,waspish,,
,,,,,,,,,,,,,,,,,,,,,,,,,,,,,,,,,,disjointed,,,,,,,,,,,,,,,angry,,
,,,,,,,,,,,,,,,,,,,,,,,,,,,,,,,,,,disordered,,,,,,,,,,,,,,,dirty,,
,,,,,,,,,,,,,,,,,,,,,,,,,,,,,,,,,,disorderly,,,,,,,,,,,,,,,evil,,
,,,,,,,,,,,,,,,,,,,,,,,,,,,,,,,,,,disorganized,,,,,,,,,,,,,,,ill-natured,,
,,,,,,,,,,,,,,,,,,,,,,,,,,,,,,,,,,jumbled,,,,,,,,,,,,,,,malevolent,,
,,,,,,,,,,,,,,,,,,,,,,,,,,,,,,,,,,messy,,,,,,,,,,,,,,,malign,,
,,,,,,,,,,,,,,,,,,,,,,,,,,,,,,,,,,muddled,,,,,,,,,,,,,,,malignant,,
,,,,,,,,,,,,,,,,,,,,,,,,,,,,,,,,,,pell-mell,,,,,,,,,,,,,,,mean,,
,,,,,,,,,,,,,,,,,,,,,,,,,,,,,,,,,,riotous,,,,,,,,,,,,,,,waspish,,
,,,,,,,,,,,,,,,,,,,,,,,,,,,,,,,,,,unhinged,,,,,,,,,,,,,,,wicked,,
,,,,,,,,,,,,,,,,,,,,,,,,,,,,,,,,,,untidy,,,,,,,,,,,,,,,despiteful,,
,,,,,,,,,,,,,,,,,,,,,,,,,,,,,,,,,,upside-down,,,,,,,,,,,,,,,rancorous,,
,,,,,,,,,,,,,,,,,,,,,,,,,,,,,,,,,,upturned,,,,,,,,,,,,,,,cussed,,
,,,,,,,,,,,,,,,,,,,,,,,,,,,,,,,,,,cluttered,,,,,,,,,,,,,,,ill-disposed,,
,,,,,,,,,,,,,,,,,,,,,,,,,,,,,,,,,,inverted,,,,,,,,,,,,,,,spleenful,,
,,,,,,,,,,,,,,,,,,,,,,,,,,,,,,,,,,overturned,,,,,,,,,,,,,,,bad-tempered,,
,,,,,,,,,,,,,,,,,,,,,,,,,,,,,,,,,,disarranged,,,,,,,,,,,,,,,captious,,
,,,,,,,,,,,,,,,,,,,,,,,,,,,,,,,,,,dislocated,,,,,,,,,,,,,,,choleric,,
,,,,,,,,,,,,,,,,,,,,,,,,,,,,,,,,,,downside-up,,,,,,,,,,,,,,,cross,,
,,,,,,,,,,,,,,,,,,,,,,,,,,,,,,,,,,inside-out,,,,,,,,,,,,,,,crotchety,,
,,,,,,,,,,,,,,,,,,,,,,,,,,,,,,,,,,littered,,,,,,,,,,,,,,,fretful,,
,,,,,,,,,,,,,,,,,,,,,,,,,,,,,,,,,,luxated,,,,,,,,,,,,,,,grouchy,,
,,,,,,,,,,,,,,,,,,,,,,,,,,,,,,,,,,upended,,,,,,,,,,,,,,,irascible,,
,,,,,,,,,,,,,,,,,,,,,,,,,,,,,,,,,,agitated,,,,,,,,,,,,,,,mean,,
,,,,,,,,,,,,,,,,,,,,,,,,,,,,,,,,,,angry,,,,,,,,,,,,,,,ornery,,
,,,,,,,,,,,,,,,,,,,,,,,,,,,,,,,,,,boisterous,,,,,,,,,,,,,,,peevish,,
,,,,,,,,,,,,,,,,,,,,,,,,,,,,,,,,,,demonstrative,,,,,,,,,,,,,,,peppery,,
,,,,,,,,,,,,,,,,,,,,,,,,,,,,,,,,,,destructive,,,,,,,,,,,,,,,petulant,,
,,,,,,,,,,,,,,,,,,,,,,,,,,,,,,,,,,disorderly,,,,,,,,,,,,,,,quick-tempered,,
,,,,,,,,,,,,,,,,,,,,,,,,,,,,,,,,,,excited,,,,,,,,,,,,,,,short-tempered,,
,,,,,,,,,,,,,,,,,,,,,,,,,,,,,,,,,,fiery,,,,,,,,,,,,,,,snappy,,
,,,,,,,,,,,,,,,,,,,,,,,,,,,,,,,,,,insubordinate,,,,,,,,,,,,,,,thin-skinned,,
,,,,,,,,,,,,,,,,,,,,,,,,,,,,,,,,,,mutinous,,,,,,,,,,,,,,,waspish,,
,,,,,,,,,,,,,,,,,,,,,,,,,,,,,,,,,,obstreperous,,,,,,,,,,,,,,,crabbed,,
,,,,,,,,,,,,,,,,,,,,,,,,,,,,,,,,,,passionate,,,,,,,,,,,,,,,bad-tempered,,
,,,,,,,,,,,,,,,,,,,,,,,,,,,,,,,,,,perturbed,,,,,,,,,,,,,,,cantankerous,,
,,,,,,,,,,,,,,,,,,,,,,,,,,,,,,,,,,rabid,,,,,,,,,,,,,,,captious,,
,,,,,,,,,,,,,,,,,,,,,,,,,,,,,,,,,,rambunctious,,,,,,,,,,,,,,,choleric,,
,,,,,,,,,,,,,,,,,,,,,,,,,,,,,,,,,,rampant,,,,,,,,,,,,,,,cranky,,
,,,,,,,,,,,,,,,,,,,,,,,,,,,,,,,,,,refractory,,,,,,,,,,,,,,,cross,,
,,,,,,,,,,,,,,,,,,,,,,,,,,,,,,,,,,riotous,,,,,,,,,,,,,,,grouchy,,
,,,,,,,,,,,,,,,,,,,,,,,,,,,,,,,,,,roughhouse,,,,,,,,,,,,,,,grumpy,,
,,,,,,,,,,,,,,,,,,,,,,,,,,,,,,,,,,rude,,,,,,,,,,,,,,,hazardous,,
,,,,,,,,,,,,,,,,,,,,,,,,,,,,,,,,,,seditious,,,,,,,,,,,,,,,irascible,,
,,,,,,,,,,,,,,,,,,,,,,,,,,,,,,,,,,shaking,,,,,,,,,,,,,,,irritable,,
,,,,,,,,,,,,,,,,,,,,,,,,,,,,,,,,,,stern,,,,,,,,,,,,,,,mean,,
,,,,,,,,,,,,,,,,,,,,,,,,,,,,,,,,,,unbridled,,,,,,,,,,,,,,,ornery,,
,,,,,,,,,,,,,,,,,,,,,,,,,,,,,,,,,,uncontrolled,,,,,,,,,,,,,,,peevish,,
,,,,,,,,,,,,,,,,,,,,,,,,,,,,,,,,,,undisciplined,,,,,,,,,,,,,,,petulant,,
,,,,,,,,,,,,,,,,,,,,,,,,,,,,,,,,,,ungovernable,,,,,,,,,,,,,,,querulous,,
,,,,,,,,,,,,,,,,,,,,,,,,,,,,,,,,,,untamed,,,,,,,,,,,,,,,quick-tempered,,
,,,,,,,,,,,,,,,,,,,,,,,,,,,,,,,,,,uproarious,,,,,,,,,,,,,,,surly,,
,,,,,,,,,,,,,,,,,,,,,,,,,,,,,,,,,,vehement,,,,,,,,,,,,,,,temperamental,,
,,,,,,,,,,,,,,,,,,,,,,,,,,,,,,,,,,vociferous,,,,,,,,,,,,,,,thin-skinned,,
,,,,,,,,,,,,,,,,,,,,,,,,,,,,,,,,,,wild,,,,,,,,,,,,,,,unpredictable,,
,,,,,,,,,,,,,,,,,,,,,,,,,,,,,,,,,,anarchic,,,,,,,,,,,,,,,unsafe,,
,,,,,,,,,,,,,,,,,,,,,,,,,,,,,,,,,,foaming,,,,,,,,,,,,,,,crabbed,,
,,,,,,,,,,,,,,,,,,,,,,,,,,,,,,,,,,storming,,,,,,,,,,,,,,,oversensitive,,
,,,,,,,,,,,,,,,,,,,,,,,,,,,,,,,,,,termagant,,,,,,,,,,,,,,,perturbable,,
,,,,,,,,,,,,,,,,,,,,,,,,,,,,,,,,,,acute,,,,,,,,,,,,,,,pettish,,
,,,,,,,,,,,,,,,,,,,,,,,,,,,,,,,,,,agonizing,,,,,,,,,,,,,,,antagonistic,,
,,,,,,,,,,,,,,,,,,,,,,,,,,,,,,,,,,biting,,,,,,,,,,,,,,,cutting,,
,,,,,,,,,,,,,,,,,,,,,,,,,,,,,,,,,,blustery,,,,,,,,,,,,,,,malevolent,,
,,,,,,,,,,,,,,,,,,,,,,,,,,,,,,,,,,concentrated,,,,,,,,,,,,,,,sharp,,
,,,,,,,,,,,,,,,,,,,,,,,,,,,,,,,,,,excruciating,,,,,,,,,,,,,,,spiteful,,
,,,,,,,,,,,,,,,,,,,,,,,,,,,,,,,,,,exquisite,,,,,,,,,,,,,,,unfriendly,,
,,,,,,,,,,,,,,,,,,,,,,,,,,,,,,,,,,forceful,,,,,,,,,,,,,,,venomous,,
,,,,,,,,,,,,,,,,,,,,,,,,,,,,,,,,,,forcible,,,,,,,,,,,,,,,vindictive,,
,,,,,,,,,,,,,,,,,,,,,,,,,,,,,,,,,,great,,,,,,,,,,,,,,,resentful,,
,,,,,,,,,,,,,,,,,,,,,,,,,,,,,,,,,,immoderate,,,,,,,,,,,,,,,stabbing,,
,,,,,,,,,,,,,,,,,,,,,,,,,,,,,,,,,,inordinate,,,,,,,,,,,,,,,angry,,
,,,,,,,,,,,,,,,,,,,,,,,,,,,,,,,,,,mighty,,,,,,,,,,,,,,,cantankerous,,
,,,,,,,,,,,,,,,,,,,,,,,,,,,,,,,,,,raging,,,,,,,,,,,,,,,captious,,
,,,,,,,,,,,,,,,,,,,,,,,,,,,,,,,,,,rough,,,,,,,,,,,,,,,crabby,,
,,,,,,,,,,,,,,,,,,,,,,,,,,,,,,,,,,ruinous,,,,,,,,,,,,,,,cranky,,
,,,,,,,,,,,,,,,,,,,,,,,,,,,,,,,,,,sharp,,,,,,,,,,,,,,,cross,,
,,,,,,,,,,,,,,,,,,,,,,,,,,,,,,,,,,strong,,,,,,,,,,,,,,,curt,,
,,,,,,,,,,,,,,,,,,,,,,,,,,,,,,,,,,tempestuous,,,,,,,,,,,,,,,edgy,,
,,,,,,,,,,,,,,,,,,,,,,,,,,,,,,,,,,wild,,,,,,,,,,,,,,,irascible,,
,,,,,,,,,,,,,,,,,,,,,,,,,,,,,,,,,,coercive,,,,,,,,,,,,,,,irritable,,
,,,,,,,,,,,,,,,,,,,,,,,,,,,,,,,,,,blustery,,,,,,,,,,,,,,,peevish,,
,,,,,,,,,,,,,,,,,,,,,,,,,,,,,,,,,,boisterous,,,,,,,,,,,,,,,petulant,,
,,,,,,,,,,,,,,,,,,,,,,,,,,,,,,,,,,cacophonous,,,,,,,,,,,,,,,short,,
,,,,,,,,,,,,,,,,,,,,,,,,,,,,,,,,,,choppy,,,,,,,,,,,,,,,testy,,
,,,,,,,,,,,,,,,,,,,,,,,,,,,,,,,,,,coarse,,,,,,,,,,,,,,,touchy,,
,,,,,,,,,,,,,,,,,,,,,,,,,,,,,,,,,,discordant,,,,,,,,,,,,,,,cantankerous,,
,,,,,,,,,,,,,,,,,,,,,,,,,,,,,,,,,,furious,,,,,,,,,,,,,,,surly,,
,,,,,,,,,,,,,,,,,,,,,,,,,,,,,,,,,,gruff,,,,,,,,,,,,,,,waspish,,
,,,,,,,,,,,,,,,,,,,,,,,,,,,,,,,,,,harsh,,,,,,,,,,,,,,,atrabilious,,
,,,,,,,,,,,,,,,,,,,,,,,,,,,,,,,,,,heavy,,,,,,,,,,,,,,,snarly,,
,,,,,,,,,,,,,,,,,,,,,,,,,,,,,,,,,,hoarse,,,,,,,,,,,,,,,acid,,
,,,,,,,,,,,,,,,,,,,,,,,,,,,,,,,,,,husky,,,,,,,,,,,,,,,acrid,,
,,,,,,,,,,,,,,,,,,,,,,,,,,,,,,,,,,inclement,,,,,,,,,,,,,,,acrimonious,,
,,,,,,,,,,,,,,,,,,,,,,,,,,,,,,,,,,inharmonious,,,,,,,,,,,,,,,awkward,,
,,,,,,,,,,,,,,,,,,,,,,,,,,,,,,,,,,raucous,,,,,,,,,,,,,,,bad-tempered,,
,,,,,,,,,,,,,,,,,,,,,,,,,,,,,,,,,,roily,,,,,,,,,,,,,,,blunt,,
,,,,,,,,,,,,,,,,,,,,,,,,,,,,,,,,,,rugged,,,,,,,,,,,,,,,brusque,,
,,,,,,,,,,,,,,,,,,,,,,,,,,,,,,,,,,stormy,,,,,,,,,,,,,,,captious,,
,,,,,,,,,,,,,,,,,,,,,,,,,,,,,,,,,,tempestuous,,,,,,,,,,,,,,,choleric,,
,,,,,,,,,,,,,,,,,,,,,,,,,,,,,,,,,,tumultuous,,,,,,,,,,,,,,,churlish,,
,,,,,,,,,,,,,,,,,,,,,,,,,,,,,,,,,,turbulent,,,,,,,,,,,,,,,cranky,,
,,,,,,,,,,,,,,,,,,,,,,,,,,,,,,,,,,ugly,,,,,,,,,,,,,,,cross,,
,,,,,,,,,,,,,,,,,,,,,,,,,,,,,,,,,,unmusical,,,,,,,,,,,,,,,crotchety,,
,,,,,,,,,,,,,,,,,,,,,,,,,,,,,,,,,,violent,,,,,,,,,,,,,,,crusty,,
,,,,,,,,,,,,,,,,,,,,,,,,,,,,,,,,,,wild,,,,,,,,,,,,,,,cynical,,
,,,,,,,,,,,,,,,,,,,,,,,,,,,,,,,,,,squally,,,,,,,,,,,,,,,difficult,,
,,,,,,,,,,,,,,,,,,,,,,,,,,,,,,,,,,stridulent,,,,,,,,,,,,,,,dour,,
,,,,,,,,,,,,,,,,,,,,,,,,,,,,,,,,,,agitated,,,,,,,,,,,,,,,fretful,,
,,,,,,,,,,,,,,,,,,,,,,,,,,,,,,,,,,blustery,,,,,,,,,,,,,,,gloomy,,
,,,,,,,,,,,,,,,,,,,,,,,,,,,,,,,,,,boisterous,,,,,,,,,,,,,,,glum,,
,,,,,,,,,,,,,,,,,,,,,,,,,,,,,,,,,,cacophonous,,,,,,,,,,,,,,,grouchy,,
,,,,,,,,,,,,,,,,,,,,,,,,,,,,,,,,,,choppy,,,,,,,,,,,,,,,harsh,,
,,,,,,,,,,,,,,,,,,,,,,,,,,,,,,,,,,coarse,,,,,,,,,,,,,,,huffy,,
,,,,,,,,,,,,,,,,,,,,,,,,,,,,,,,,,,dirty,,,,,,,,,,,,,,,ill-tempered,,
,,,,,,,,,,,,,,,,,,,,,,,,,,,,,,,,,,discordant,,,,,,,,,,,,,,,irascible,,
,,,,,,,,,,,,,,,,,,,,,,,,,,,,,,,,,,dry,,,,,,,,,,,,,,,misanthropic,,
,,,,,,,,,,,,,,,,,,,,,,,,,,,,,,,,,,furious,,,,,,,,,,,,,,,morose,,
,,,,,,,,,,,,,,,,,,,,,,,,,,,,,,,,,,grating,,,,,,,,,,,,,,,peevish,,
,,,,,,,,,,,,,,,,,,,,,,,,,,,,,,,,,,gruff,,,,,,,,,,,,,,,perverse,,
,,,,,,,,,,,,,,,,,,,,,,,,,,,,,,,,,,harsh,,,,,,,,,,,,,,,petulant,,
,,,,,,,,,,,,,,,,,,,,,,,,,,,,,,,,,,heavy,,,,,,,,,,,,,,,prickly,,
,,,,,,,,,,,,,,,,,,,,,,,,,,,,,,,,,,hoarse,,,,,,,,,,,,,,,saturnine,,
,,,,,,,,,,,,,,,,,,,,,,,,,,,,,,,,,,husky,,,,,,,,,,,,,,,snappish,,
,,,,,,,,,,,,,,,,,,,,,,,,,,,,,,,,,,inclement,,,,,,,,,,,,,,,sour,,
,,,,,,,,,,,,,,,,,,,,,,,,,,,,,,,,,,inharmonious,,,,,,,,,,,,,,,sulky,,
,,,,,,,,,,,,,,,,,,,,,,,,,,,,,,,,,,jarring,,,,,,,,,,,,,,,sullen,,
,,,,,,,,,,,,,,,,,,,,,,,,,,,,,,,,,,raging,,,,,,,,,,,,,,,surly,,
,,,,,,,,,,,,,,,,,,,,,,,,,,,,,,,,,,rasping,,,,,,,,,,,,,,,tart,,
,,,,,,,,,,,,,,,,,,,,,,,,,,,,,,,,,,raucous,,,,,,,,,,,,,,,testy,,
,,,,,,,,,,,,,,,,,,,,,,,,,,,,,,,,,,roiled,,,,,,,,,,,,,,,tough,,
,,,,,,,,,,,,,,,,,,,,,,,,,,,,,,,,,,rugged,,,,,,,,,,,,,,,trying,,
,,,,,,,,,,,,,,,,,,,,,,,,,,,,,,,,,,stormy,,,,,,,,,,,,,,,unsociable,,
,,,,,,,,,,,,,,,,,,,,,,,,,,,,,,,,,,tempestuous,,,,,,,,,,,,,,,crabbed,,
,,,,,,,,,,,,,,,,,,,,,,,,,,,,,,,,,,tumultuous,,,,,,,,,,,,,,,chuffy,,
,,,,,,,,,,,,,,,,,,,,,,,,,,,,,,,,,,turbulent,,,,,,,,,,,,,,,ill-humored,,
,,,,,,,,,,,,,,,,,,,,,,,,,,,,,,,,,,ugly,,,,,,,,,,,,,,,mumpish,,
,,,,,,,,,,,,,,,,,,,,,,,,,,,,,,,,,,unmusical,,,,,,,,,,,,,,,nasty-tempered,,
,,,,,,,,,,,,,,,,,,,,,,,,,,,,,,,,,,violent,,,,,,,,,,,,,,,annoyed,,
,,,,,,,,,,,,,,,,,,,,,,,,,,,,,,,,,,wild,,,,,,,,,,,,,,,bad-tempered,,
,,,,,,,,,,,,,,,,,,,,,,,,,,,,,,,,,,blustering,,,,,,,,,,,,,,,cantankerous,,
,,,,,,,,,,,,,,,,,,,,,,,,,,,,,,,,,,buffeting,,,,,,,,,,,,,,,captious,,
,,,,,,,,,,,,,,,,,,,,,,,,,,,,,,,,,,squally,,,,,,,,,,,,,,,choleric,,
,,,,,,,,,,,,,,,,,,,,,,,,,,,,,,,,,,stridulent,,,,,,,,,,,,,,,crabbed,,
,,,,,,,,,,,,,,,,,,,,,,,,,,,,,,,,,,agitated,,,,,,,,,,,,,,,cranky,,
,,,,,,,,,,,,,,,,,,,,,,,,,,,,,,,,,,blustery,,,,,,,,,,,,,,,cross,,
,,,,,,,,,,,,,,,,,,,,,,,,,,,,,,,,,,boisterous,,,,,,,,,,,,,,,crotchety,,
,,,,,,,,,,,,,,,,,,,,,,,,,,,,,,,,,,cacophonous,,,,,,,,,,,,,,,edgy,,
,,,,,,,,,,,,,,,,,,,,,,,,,,,,,,,,,,choppy,,,,,,,,,,,,,,,fretful,,
,,,,,,,,,,,,,,,,,,,,,,,,,,,,,,,,,,coarse,,,,,,,,,,,,,,,grouchy,,
,,,,,,,,,,,,,,,,,,,,,,,,,,,,,,,,,,discordant,,,,,,,,,,,,,,,grumpy,,
,,,,,,,,,,,,,,,,,,,,,,,,,,,,,,,,,,furious,,,,,,,,,,,,,,,impatient,,
,,,,,,,,,,,,,,,,,,,,,,,,,,,,,,,,,,gruff,,,,,,,,,,,,,,,irascible,,
,,,,,,,,,,,,,,,,,,,,,,,,,,,,,,,,,,harsh,,,,,,,,,,,,,,,mean,,
,,,,,,,,,,,,,,,,,,,,,,,,,,,,,,,,,,hoarse,,,,,,,,,,,,,,,ornery,,
,,,,,,,,,,,,,,,,,,,,,,,,,,,,,,,,,,inclement,,,,,,,,,,,,,,,peevish,,
,,,,,,,,,,,,,,,,,,,,,,,,,,,,,,,,,,inharmonious,,,,,,,,,,,,,,,peppery,,
,,,,,,,,,,,,,,,,,,,,,,,,,,,,,,,,,,jarring,,,,,,,,,,,,,,,petulant,,
,,,,,,,,,,,,,,,,,,,,,,,,,,,,,,,,,,raging,,,,,,,,,,,,,,,quarrelsome,,
,,,,,,,,,,,,,,,,,,,,,,,,,,,,,,,,,,raucous,,,,,,,,,,,,,,,quick-tempered,,
,,,,,,,,,,,,,,,,,,,,,,,,,,,,,,,,,,unmusical,,,,,,,,,,,,,,,short-tempered,,
,,,,,,,,,,,,,,,,,,,,,,,,,,,,,,,,,,blustering,,,,,,,,,,,,,,,snappy,,
,,,,,,,,,,,,,,,,,,,,,,,,,,,,,,,,,,squally,,,,,,,,,,,,,,,sullen,,
,,,,,,,,,,,,,,,,,,,,,,,,,,,,,,,,,,stridulent,,,,,,,,,,,,,,,thin-skinned,,
,,,,,,,,,,,,,,,,,,,,,,,,,,,,,,,,,,,,,,,,,,,,,,,,,touchy,,
,,,,,,,,,,,,,,,,,,,,,,,,,,,,,,,,,,,,,,,,,,,,,,,,,uptight,,
,,,,,,,,,,,,,,,,,,,,,,,,,,,,,,,,,,,,,,,,,,,,,,,,,waspish,,
,,,,,,,,,,,,,,,,,,,,,,,,,,,,,,,,,,,,,,,,,,,,,,,,,exasperated,,
