conceivably,feasibly
perhaps,doubtless
probably,presumably
likely,perhaps
perhaps,possibly
perchance,apparently
maybe,seemingly
perchance,conceivably
maybe,maybe
perchance,perchance
peradventure,plausibly
perhaps,believably
perchance,reasonably
mayhap,conceivably
perhaps,imaginably
conceivable,maybe
credible,reasonably
feasible,perchance
obtainable,assumably
imaginably,expediently
theoretically,imaginably
abstractly,practicably
hypothetically,presumptively
reasonably,expectedly
feasibly,
imaginably,
expectedly,
feasibly,
conceivable,
credible,
feasible,
obtainable,
imaginably,
conceivable,
credible,
feasible,
obtainable,
imaginably,
